Timestamp,market-cap
2009-01-10 06:17:57,0.0
2009-01-15 22:07:30,0.0
2009-01-21 09:36:08,0.0
2009-01-25 21:46:39,0.0
2009-01-31 09:45:59,0.0
2009-02-05 02:53:14,0.0
2009-02-09 21:00:16,0.0
2009-02-14 16:01:25,0.0
2009-02-19 16:17:31,0.0
2009-02-24 21:59:55,0.0
2009-03-02 15:08:05,0.0
2009-03-08 05:36:23,0.0
2009-03-13 17:58:07,0.0
2009-03-18 23:15:21,0.0
2009-03-24 16:47:15,0.0
2009-03-30 00:15:21,0.0
2009-04-04 18:23:52,0.0
2009-04-10 10:12:52,0.0
2009-04-15 14:27:35,0.0
2009-04-20 17:04:53,0.0
2009-04-26 05:44:52,0.0
2009-05-01 10:31:45,0.0
2009-05-06 11:26:55,0.0
2009-05-12 06:50:18,0.0
2009-05-17 05:25:33,0.0
2009-05-24 05:24:42,0.0
2009-05-30 03:24:23,0.0
2009-06-08 08:38:47,0.0
2009-06-15 20:08:31,0.0
2009-06-23 16:15:44,0.0
2009-07-01 18:57:04,0.0
2009-07-09 11:29:22,0.0
2009-07-19 14:51:01,0.0
2009-08-01 20:47:50,0.0
2009-08-10 22:49:02,0.0
2009-08-28 16:33:03,0.0
2009-09-06 02:09:04,0.0
2009-09-15 04:43:54,0.0
2009-09-24 19:32:12,0.0
2009-10-02 04:39:43,0.0
2009-10-12 09:20:53,0.0
2009-10-20 19:54:54,0.0
2009-10-29 04:17:27,0.0
2009-11-09 07:00:39,0.0
2009-11-17 00:45:18,0.0
2009-11-24 02:39:05,0.0
2009-12-02 00:37:25,0.0
2009-12-09 02:47:04,0.0
2009-12-14 19:29:58,0.0
2009-12-18 19:59:20,0.0
2009-12-22 01:41:07,0.0
2009-12-26 00:03:32,0.0
2009-12-29 21:13:04,0.0
2010-01-03 15:56:33,0.0
2010-01-06 22:52:30,0.0
2010-01-10 17:50:45,0.0
2010-01-14 15:19:44,0.0
2010-01-19 04:38:53,0.0
2010-01-23 06:58:14,0.0
2010-01-26 16:33:47,0.0
2010-01-30 01:17:11,0.0
2010-02-02 12:04:11,0.0
2010-02-05 03:55:51,0.0
2010-02-08 02:14:09,0.0
2010-02-11 07:22:36,0.0
2010-02-14 09:34:12,0.0
2010-02-17 12:23:36,0.0
2010-02-20 10:44:59,0.0
2010-02-23 01:04:50,0.0
2010-02-26 07:08:54,0.0
2010-03-01 21:08:55,0.0
2010-03-05 07:45:38,0.0
2010-03-09 02:53:31,0.0
2010-03-13 09:05:48,0.0
2010-03-18 01:23:17,0.0
2010-03-21 18:48:55,0.0
2010-03-25 00:41:04,0.0
2010-03-28 06:54:30,0.0
2010-03-31 16:13:18,0.0
2010-04-04 07:52:03,0.0
2010-04-07 23:23:15,0.0
2010-04-10 21:42:20,0.0
2010-04-13 21:45:11,0.0
2010-04-16 22:52:37,0.0
2010-04-19 15:11:35,0.0
2010-04-22 17:35:39,0.0
2010-04-26 13:47:18,0.0
2010-04-30 07:29:15,0.0
2010-05-04 05:32:51,0.0
2010-05-08 15:05:55,0.0
2010-05-13 09:01:01,0.0
2010-05-18 10:34:34,0.0
2010-05-21 21:44:05,0.0
2010-05-25 01:40:21,0.0
2010-05-28 02:24:31,0.0
2010-05-31 14:51:35,0.0
2010-06-05 00:47:51,0.0
2010-06-09 02:37:55,0.0
2010-06-13 01:23:27,0.0
2010-06-16 20:52:09,0.0
2010-06-20 19:01:23,0.0
2010-06-24 13:34:40,0.0
2010-06-28 12:27:42,0.0
2010-07-01 22:13:03,0.0
2010-07-05 08:25:00,0.0
2010-07-09 03:36:32,0.0
2010-07-12 05:50:52,0.0
2010-07-13 04:21:31,0.0
2010-07-14 05:16:28,0.0
2010-07-15 07:59:56,0.0
2010-07-16 08:20:52,0.0
2010-07-18 21:50:48,0.0
2010-07-22 07:40:30,0.0
2010-07-25 12:33:32,0.0
2010-07-28 15:12:38,0.0
2010-07-31 23:31:18,0.0
2010-08-03 13:24:46,0.0
2010-08-06 08:37:18,0.0
2010-08-09 21:36:52,0.0
2010-08-12 18:42:31,0.0
2010-08-15 04:42:37,0.0
2010-08-19 10:58:27,262844.75
2010-08-22 18:59:52,264972.75
2010-08-25 15:23:02,267111.1041666667
2010-08-28 22:23:22,269274.25
2010-09-01 15:32:12,232639.5
2010-09-05 09:19:23,234478.5
2010-09-09 06:33:16,236326.5
2010-09-12 22:23:16,238162.5
2010-09-16 06:20:34,599966.25
2010-09-19 00:46:23,241825.5
2010-09-22 05:08:07,243661.5
2010-09-25 00:36:20,245488.5
2010-09-27 20:57:25,247312.5
2010-10-01 10:18:35,249166.5
2010-10-06 05:27:18,251002.5
2010-10-09 22:08:00,421387.5
2010-10-13 15:13:25,424457.5
2010-10-16 15:49:03,513017.75
2010-10-19 00:52:54,430612.5
2010-10-21 12:29:19,433702.5
2010-10-25 01:09:49,649749.6666666666
2010-10-27 20:52:58,835759.3333333334
2010-10-30 12:40:43,841607.7708333334
2010-11-02 20:03:11,892025.0
2010-11-05 20:21:38,1077834.0
2010-11-08 11:52:05,2125140.25
2010-11-11 04:18:26,1183539.5
2010-11-14 04:10:09,1374847.5
2010-11-17 02:23:21,1291915.3333333333
2010-11-19 21:20:35,1347057.25
2010-11-24 04:50:24,1355989.25
2010-11-27 13:03:10,1364884.3958333333
2010-11-30 17:24:13,1326465.0
2010-12-04 00:40:47,1203940.0625
2010-12-06 15:22:30,1103810.25
2010-12-09 04:42:19,1207468.75
2010-12-12 17:14:56,1117955.25
2010-12-16 10:32:08,1223018.75
2010-12-20 00:58:28,1247129.6666666667
2010-12-23 19:40:22,1288046.5
2010-12-27 18:19:12,1345821.75
2010-12-31 11:32:56,1504612.5
2011-01-04 01:28:56,1513807.5
2011-01-08 02:18:20,1616059.875
2011-01-11 20:04:44,1685400.75
2011-01-15 06:49:07,2260709.0
2011-01-19 01:16:26,2033029.1666666667
2011-01-22 14:48:57,2287857.0
2011-01-26 03:22:02,2248975.25
2011-01-29 21:10:45,2367348.75
2011-02-02 15:13:23,4867927.0
2011-02-06 03:33:57,4896309.0
2011-02-09 11:19:46,4870934.25
2011-02-12 16:36:27,5544618.75
2011-02-15 17:37:46,5846769.0
2011-02-18 09:37:37,5716541.25
2011-02-21 16:11:47,5146429.5
2011-02-24 10:43:40,5230250.729166667
2011-02-26 22:57:38,5535925.0
2011-03-02 09:31:40,5399383.75
2011-03-05 10:27:02,5205093.75
2011-03-07 18:12:32,5120865.75
2011-03-11 19:45:44,5035642.25
2011-03-16 19:03:57,5119717.5
2011-03-21 11:14:13,4518148.25
2011-03-25 16:29:28,5174887.5
2011-03-29 15:35:03,4855599.0
2011-04-02 03:02:41,4649060.0
2011-04-05 13:52:10,4498975.25
2011-04-09 11:19:06,4640005.75
2011-04-13 03:32:24,5431703.0
2011-04-16 21:43:43,6468675.395833333
2011-04-20 20:07:31,7098439.25
2011-04-24 10:39:23,9892451.25
2011-04-27 18:02:15,10726146.5
2011-05-01 02:11:30,21222355.9375
2011-05-04 05:34:34,21364931.25
2011-05-07 03:22:55,22144897.5
2011-05-09 20:44:22,24038460.0625
2011-05-13 05:39:45,40469993.75
2011-05-15 21:06:09,54763600.5
2011-05-18 06:50:56,51600044.75
2011-05-21 01:22:11,44783251.75
2011-05-23 12:13:57,42906064.5
2011-05-25 13:37:09,46025824.75
2011-05-28 01:38:29,57694515.0625
2011-05-31 22:20:06,58294356
2011-06-04 01:09:27,85128456.375
2011-06-06 17:44:36,122924411.25
2011-06-09 22:13:07,206229796.75
2011-06-12 13:03:58,187590660
2011-06-15 02:03:11,138167661.1875
2011-06-17 22:01:02,130304112.5
2011-06-20 17:23:17,122253459.75
2011-06-23 04:08:32,101388530
2011-06-26 06:40:29,117183445.5
2011-06-30 00:46:00,116913464
2011-07-03 11:51:49,109642357.5
2011-07-07 08:56:34,111083025
2011-07-11 11:12:38,105609221
2011-07-15 08:43:01,96469393.75
2011-07-19 00:38:10,95231741.25
2011-07-23 03:11:20,95834351.8125
2011-07-26 21:34:35,101284840.5
2011-07-30 14:28:41,95764755
2011-08-03 08:40:16,93191239.75
2011-08-08 00:38:01,73333755.41666667
2011-08-12 11:06:57,72783140.625
2011-08-17 01:31:12,82049291.375
2011-08-21 13:11:27,83363606.25
2011-08-25 14:31:34,80524647.5
2011-08-30 06:21:38,67272275
2011-09-03 10:57:45,61453766.25
2011-09-07 17:21:22,55149913
2011-09-12 08:36:03,53067987
2011-09-16 20:26:18,40629793.5
2011-09-21 07:45:34,48772540.75
2011-09-25 19:23:19,41269088.416666664
2011-09-30 07:48:22,36427189.5
2011-10-05 04:53:31,37256028.1875
2011-10-09 23:35:36,33761369.5
2011-10-15 07:18:25,30616647.5
2011-10-20 09:19:55,19420920.75
2011-10-25 15:44:54,23791877
2011-10-31 04:10:48,27378448.479166668
2011-11-04 12:38:30,24895774
2011-11-08 23:02:46,23399770.25
2011-11-13 11:08:25,23804639.75
2011-11-17 16:34:41,19980935
2011-11-22 10:19:44,17746972.5
2011-11-27 11:15:21,19523259
2011-12-01 21:56:39,23340100
2011-12-06 07:41:20,23128521.166666668
2011-12-10 11:13:53,23850244
2011-12-14 22:11:59,25913767.25
2011-12-19 13:49:46,26571972
2011-12-24 02:21:52,31493904.5
2011-12-28 04:37:04,32611649.083333332
2012-01-01 13:07:30,40347468
2012-01-05 19:18:43,46619965
2012-01-09 14:31:03,58102590
2012-01-14 01:54:38,55959760.104166664
2012-01-18 08:32:02,56709836.75
2012-01-22 14:12:28,53169611.25
2012-01-27 02:27:37,50706538.25
2012-01-31 04:02:41,46220767.3125
2012-02-04 07:20:52,50491512.5
2012-02-08 15:30:53,47614531.708333336
2012-02-12 22:16:44,49625493
2012-02-17 10:35:44,39615142.5
2012-02-21 12:42:08,37750837.5
2012-02-25 12:53:09,43534243.5
2012-02-29 13:31:00,42095566.5
2012-03-05 04:21:20,41741654.5
2012-03-09 11:30:40,42495962.75
2012-03-13 13:55:54,43342141.375
2012-03-17 23:24:00,46336815
2012-03-22 03:50:52,41949500.229166664
2012-03-26 08:54:21,40638804.583333336
2012-03-30 19:00:50,42095211.25
2012-04-04 09:11:43,43559687.5
2012-04-09 03:59:42,42021362.291666664
2012-04-13 20:46:55,43618014.270833336
2012-04-18 16:51:52,44567320.416666664
2012-04-23 02:23:30,46859287.5
2012-04-27 22:39:36,45879064.6875
2012-05-01 17:59:06,44530739.583333336
2012-05-05 18:21:19,46030571.25
2012-05-09 12:37:05,45750378.75
2012-05-14 03:27:56,45090302.125
2012-05-18 23:54:47,46343009.25
2012-05-23 18:29:36,46502039.25
2012-05-28 07:55:31,46846073.75
2012-06-01 23:33:53,47557411.854166664
2012-06-06 03:11:28,50290733.25
2012-06-10 09:18:30,52213234.333333336
2012-06-14 14:38:00,54979894.916666664
2012-06-18 18:40:06,60268278
2012-06-23 04:21:50,62801583
2012-06-27 08:43:52,60405966
2012-07-01 19:20:09,62572740.75
2012-07-06 00:55:01,62444382.333333336
2012-07-10 03:13:05,65421971.291666664
2012-07-14 10:14:31,74185214.79166667
2012-07-18 17:52:16,89808172.85416667
2012-07-23 01:52:58,88774686.3125
2012-07-27 07:41:33,85079585.25
2012-07-31 11:50:54,88350112.16666667
2012-08-04 19:19:02,107310282
2012-08-09 01:05:38,107250986.04166667
2012-08-13 02:10:20,113349191
2012-08-17 05:13:09,138027769.25
2012-08-21 05:00:02,101850837.91666667
2012-08-25 09:32:55,100232913.54166667
2012-08-29 13:40:31,111267229.5
2012-09-02 21:56:54,101998603
2012-09-06 21:05:07,105898860
2012-09-11 02:54:59,110414388.5
2012-09-15 18:07:21,116960060
2012-09-20 02:20:35,124125363.9375
2012-09-24 10:11:15,122970896.66666667
2012-09-28 20:44:05,125192576.83333333
2012-10-03 11:49:23,129858172.5
2012-10-08 10:12:35,127266854.20833333
2012-10-12 21:34:28,123624843.125
2012-10-17 08:53:56,122096942.6875
2012-10-21 21:40:41,120971771.33333333
2012-10-26 07:32:55,118492528.75
2012-10-30 15:22:25,112417645.875
2012-11-04 07:48:32,109590479.25
2012-11-08 19:45:10,115857623.25
2012-11-13 13:57:20,116026978.75
2012-11-18 05:32:52,123068836.0625
2012-11-22 20:40:18,124408302.08333333
2012-11-27 04:07:55,132333483.64583333
2012-12-01 11:36:12,133061505.75
2012-12-06 12:40:52,142645677.1875
2012-12-11 09:12:17,143079196.375
2012-12-16 14:58:47,145200515.625
2012-12-21 15:21:29,144887261.25
2012-12-26 13:09:07,142354688
2012-12-30 14:46:34,144799711.875
2013-01-03 14:10:56,142575394.04166666
2013-01-07 18:20:02,143957339.625
2013-01-12 12:26:14,152482530.375
2013-01-17 06:00:37,158578304.25
2013-01-22 04:31:55,183076464.59375
2013-01-26 15:59:31,198438023.25
2013-01-30 20:43:58,212028990.25
2013-02-03 17:02:39,225443137.5
2013-02-07 16:32:37,231480804.21875
2013-02-11 19:43:33,258094278.375
2013-02-15 17:53:36,293300660
2013-02-19 08:37:14,291357975.5416667
2013-02-22 21:19:31,321734350
2013-02-26 15:47:45,329242766.6666667
2013-03-02 04:34:41,374183118.75
2013-03-06 05:24:18,441523531.875
2013-03-10 00:45:31,486554824.8229167
2013-03-13 23:29:55,482759616.5
2013-03-17 11:42:37,515417175
2013-03-20 16:19:52,650294558.125
2013-03-23 12:31:46,768498996.875
2013-03-27 06:22:50,863137555.875
2013-03-30 22:27:37,987881143.125
2013-04-03 07:55:56,1289086972.75
2013-04-07 05:28:33,1579914045.875
2013-04-10 18:53:33,2545440304.375
2013-04-14 11:44:23,1103216770.8333333
2013-04-18 05:07:31,1037368466.25
2013-04-22 05:20:14,1316501462.5
2013-04-25 23:01:38,1717936049.15625
2013-04-29 15:14:15,1491442069.5
2013-05-03 20:30:29,1147577885.1041667
2013-05-07 15:03:33,1249284040.5208333
2013-05-11 06:47:07,1305600675
2013-05-14 23:43:22,1316227612.5
2013-05-19 01:19:15,1377494649.375
2013-05-23 04:43:04,1375888762.5
2013-05-26 20:24:57,1478477735.625
2013-05-30 12:52:50,1483990908.75
2013-06-02 17:32:52,1452347703.75
2013-06-05 17:45:11,1365727606.75
2013-06-09 08:20:41,1216340190.4791667
2013-06-12 19:20:31,1229423262.5
2013-06-16 04:56:20,1125947458.875
2013-06-20 06:08:52,1217835226
2013-06-23 22:53:34,1227073230.625
2013-06-27 17:23:39,1179389900
2013-07-01 12:09:14,1104338178.125
2013-07-05 03:53:13,910141843.5
2013-07-08 11:27:31,853984687.5
2013-07-11 18:29:42,1002219318.75
2013-07-15 13:58:39,1081088749.875
2013-07-19 05:55:17,1030089648.75
2013-07-22 15:27:05,1039051111.5
2013-07-26 16:08:23,1111990115.625
2013-07-30 06:50:36,1164923909.4583333
2013-08-02 13:08:01,1202587283.75
2013-08-05 23:29:29,1214803658.25
2013-08-09 02:37:31,1187263644.625
2013-08-12 03:09:57,1211823156.25
2013-08-15 14:19:16,1146351435.3958333
2013-08-18 23:38:21,1153905192.375
2013-08-22 07:08:48,1279719435.375
2013-08-25 14:31:16,1265298797
2013-08-29 05:33:37,1370149330
2013-09-01 03:33:38,1495306102.5
2013-09-04 03:25:10,1504395840.9270833
2013-09-07 20:54:02,1372025028.875
2013-09-11 06:17:10,1425356801.75
2013-09-14 06:04:05,1487142276.75
2013-09-17 15:25:53,1478122232.5
2013-09-21 03:14:58,1445264498.125
2013-09-24 04:19:56,1440378603.125
2013-09-27 10:56:11,1465831023.75
2013-10-01 03:02:45,1486623734.375
2013-10-04 14:50:12,1386346005.0625
2013-10-07 23:25:32,1446259334.625
2013-10-11 11:59:54,1499154815
2013-10-14 11:20:22,1570119677.25
2013-10-17 06:41:37,1638275270.125
2013-10-20 12:51:38,2174577864.75
2013-10-23 09:35:16,2255588293.75
2013-10-26 05:30:51,2224077885.625
2013-10-29 21:29:42,2465981616.25
2013-11-02 00:00:44,2429171028.25
2013-11-05 05:58:43,2747977712.8125
2013-11-09 08:31:40,3996589725
2013-11-12 21:13:57,4117038737.6145835
2013-11-16 11:45:31,4943505896.145833
2013-11-20 06:25:23,6571582787.5
2013-11-24 03:07:40,9931889448.416666
2013-11-28 00:00:55,11055631417.8125
2013-12-01 14:26:57,13499860350
2013-12-05 04:39:26,13731647550.729166
2013-12-08 15:47:50,8537531432.375
2013-12-12 02:34:24,10979129829.208334
2013-12-15 17:24:13,10317336829.875
2013-12-19 01:20:28,7029124871.375
2013-12-22 11:51:41,7294283193.375
2013-12-26 05:55:30,8267006256.5
2013-12-30 01:48:19,8776802665.875
2014-01-02 17:39:37,9146441914.625
2014-01-06 14:53:37,11061808097.25
2014-01-09 23:00:17,10076659427.8125
2014-01-13 04:07:43,10344137495.25
2014-01-16 20:21:30,10330493168.53125
2014-01-20 15:10:11,10335026763.75
2014-01-24 05:59:07,9981282145.770834
2014-01-28 06:57:07,9210758574.5625
2014-02-01 02:07:18,9897248109.375
2014-02-04 15:08:24,9987446820.3125
2014-02-08 13:19:15,8782671343.6875
2014-02-12 14:16:17,8361666238.125
2014-02-16 04:14:21,8132470596.25
2014-02-19 23:38:14,7819093975.739583
2014-02-23 23:57:23,7616972264
2014-02-27 18:12:24,7287773747.625
2014-03-04 01:32:49,7498441743.5
2014-03-08 05:54:54,7891667029.875
2014-03-12 09:40:33,7903842268.4375
2014-03-16 13:29:27,7978635109.5
2014-03-20 14:22:23,7662651326.666667
2014-03-24 06:49:29,7024558999.520833
2014-03-28 03:56:47,6124865120.104167
2014-04-01 02:56:34,5759208472.791667
2014-04-04 14:31:54,5655630888.916667
2014-04-08 21:45:58,5679234260.739583
2014-04-13 01:03:22,5350601908.197917
2014-04-16 20:02:08,6618353620.833333
2014-04-20 23:09:18,6383996162.5
2014-04-25 03:46:30,6371655289.427083
2014-04-29 06:08:02,5621612683.125
2014-05-03 15:05:06,5787752879.479167
2014-05-07 20:24:31,5452713646.875
2014-05-11 21:45:39,5829761915.625
2014-05-16 01:07:29,5685629614.802083
2014-05-19 23:52:39,5715887425.177083
2014-05-23 21:04:19,6766245421
2014-05-28 03:47:13,7344054840.3125
2014-06-01 06:39:00,8044034851.5625
2014-06-04 19:14:47,8615298898.125
2014-06-09 05:51:14,8458434914.25
2014-06-13 10:21:14,7409162608.125
2014-06-17 02:10:32,7603432696.958333
2014-06-20 21:52:24,7690669648.125
2014-06-24 13:11:13,7611288929.427083
2014-06-28 03:45:53,7690013166.916667
2014-07-02 12:14:42,8292119271.875
2014-07-06 20:57:58,8195246587.5
2014-07-11 04:37:34,8021122915
2014-07-15 13:15:39,8088614283.65625
2014-07-19 12:34:51,8237588387.03125
2014-07-23 19:08:20,8093208750
2014-07-28 04:54:42,7759315969
2014-08-01 12:44:59,7617092000.5
2014-08-06 01:02:02,7689909328.979167
2014-08-10 01:30:11,7729794468.666667
2014-08-13 23:04:54,7474894700
2014-08-17 20:42:05,6890666219.208333
2014-08-21 15:14:41,6832783198.3125
2014-08-25 22:51:55,6699067740.875
2014-08-29 18:27:24,6688628818.21875
2014-09-02 19:38:49,6297137808.666667
2014-09-06 23:04:08,6431584732.6875
2014-09-11 09:56:21,6331393169.645833
2014-09-15 09:33:08,6294279608.020833
2014-09-19 02:55:54,5716668713.791667
2014-09-23 01:40:58,5331608086.71875
2014-09-27 11:37:56,5390316470.229167
2014-10-01 22:03:31,5203064931.75
2014-10-06 06:26:35,4325080523.3125
2014-10-10 14:10:30,4860504027.302083
2014-10-15 03:05:49,5363608896.833333
2014-10-19 09:56:25,5239451318.75
2014-10-23 20:04:41,5152822345.375
2014-10-28 02:50:40,4728195359.479167
2014-11-01 04:09:15,4572271805.03125
2014-11-05 03:52:31,4446575157.145833
2014-11-09 15:31:27,4677204751.770833
2014-11-14 01:16:52,5670717969.354167
2014-11-18 09:16:24,5254933173.916667
2014-11-22 21:21:49,4738606678.125
2014-11-27 13:04:57,4969274997.645833
2014-12-01 20:23:46,5099589207.989583
2014-12-06 10:06:14,5105257500
2014-12-11 01:47:37,4770695175.1875
2014-12-15 15:54:07,4869935295
2014-12-20 13:59:00,4341499603.9375
2014-12-24 23:43:17,4597214880.885417
2014-12-29 01:37:31,4323702647.552083
2015-01-02 05:43:28,4305436658.854167
2015-01-06 07:28:29,3755663469.6666665
2015-01-10 17:53:21,3986748520.7604165
2015-01-15 08:30:59,2360766650
2015-01-19 18:37:55,2912962916.25
2015-01-24 18:13:20,3215355887.625
2015-01-29 10:51:17,3253526566.25
2015-02-02 17:22:08,3130331304.75
2015-02-06 22:59:56,2995966719.4166665
2015-02-11 07:32:17,3046253885.5
2015-02-15 18:00:54,3563746354.1666665
2015-02-19 19:51:34,3290003266.6666665
2015-02-24 06:37:33,3314108894.375
2015-02-28 17:10:54,3501490398.96875
2015-03-05 01:07:28,3847879264.1458335
2015-03-09 14:27:13,3828367239.5833335
2015-03-14 00:34:41,4092978498.0625
2015-03-18 15:16:16,3969481012
2015-03-23 03:53:46,3731303810.53125
2015-03-27 04:30:13,3485610578.4479165
2015-03-31 10:55:03,3472391116.6666665
2015-04-04 19:54:52,3564755943.4375
2015-04-09 12:21:18,3438385380.2083335
2015-04-14 01:37:17,3259734012.4479165
2015-04-18 18:41:36,3131723119.25
2015-04-23 02:28:38,3306790880
2015-04-27 16:35:41,3094902720
2015-05-02 06:07:25,3260048440.21875
2015-05-06 17:38:31,3333012631.5625
2015-05-11 07:21:05,3382678958.0104165
2015-05-15 13:01:52,3358137447.3958335
2015-05-19 23:37:25,3301109024.125
2015-05-24 14:24:16,3375089388
2015-05-29 02:07:16,3358115416.6875
2015-06-02 14:41:07,3180077714
2015-06-06 21:57:29,3201353841.875
2015-06-11 00:53:23,3261148794.8333335
2015-06-15 11:46:52,3313013431.2708335
2015-06-19 23:54:27,3548143298.5833335
2015-06-24 13:24:16,3489195365.8125
2015-06-29 00:44:43,3592092580.3541665
2015-07-03 09:04:57,3652148606.125
2015-07-07 14:52:25,3855095001.25
2015-07-11 20:47:24,4094923662.5
2015-07-16 05:43:53,4110065962.875
2015-07-20 13:38:31,3967804455.875
2015-07-24 21:17:55,3988432409.8333335
2015-07-29 10:06:15,4243142401.6666665
2015-08-02 16:44:02,4060454458.125
2015-08-07 03:56:23,4008914662.5
2015-08-11 08:38:49,3830684033.6979165
2015-08-15 21:27:20,3856042341.15625
2015-08-20 05:42:24,3284321359.375
2015-08-24 12:46:14,3315420310.125
2015-08-28 21:32:52,3275021745.6041665
2015-09-02 02:55:58,3330075754.1875
2015-09-06 08:23:15,3437344830.5625
2015-09-10 15:46:05,3478466341.1458335
2015-09-14 22:34:29,3361037197.9166665
2015-09-19 07:05:07,3401586428.1666665
2015-09-23 20:32:35,3374545783.8958335
2015-09-28 04:40:42,3439153463.8333335
2015-10-02 12:44:01,3501613529.625
2015-10-06 17:51:34,3624005916.7864585
2015-10-11 08:26:05,3614157933.625
2015-10-15 16:21:20,3765278585.2725697
2015-10-19 23:00:42,3900903390.5520835
2015-10-24 11:57:37,4141425397.097222
2015-10-28 19:02:46,4516459668.84375
2015-11-01 21:10:20,4754543030.5625
2015-11-06 02:23:58,5787004412.526042
2015-11-10 10:38:18,5630377511.829862
2015-11-14 11:05:59,4987997352.565972
2015-11-18 14:58:07,4965682584.935763
2015-11-22 13:23:30,4839399449.701388
2015-11-26 12:27:25,5190843138.088542
2015-11-30 16:35:21,5640935391.793899
2015-12-04 17:32:51,5392786109.6015625
2015-12-08 16:29:32,5945626284.677437
2015-12-12 03:16:10,6834370333.160771
2015-12-15 19:24:33,6960261716.489591
2015-12-19 17:59:02,6932756564.493931
2015-12-23 17:50:52,6612843190.506606
2015-12-27 14:00:31,6307033312.704868
2015-12-31 12:44:56,6354950021.899314
2016-01-04 17:44:43,6516688014.885525
2016-01-08 19:21:52,6790053793.215318
2016-01-12 11:33:26,6752106899.308089
2016-01-16 21:35:45,5693882135.976787
2016-01-20 21:56:52,6214463625.147326
2016-01-24 18:38:06,6120478531.402789
2016-01-28 16:05:21,5809687999.851893
2016-02-01 05:03:49,5639393806.165592
2016-02-04 20:40:15,5865556779.57198
2016-02-08 06:20:11,5720202185.279007
2016-02-11 20:59:55,5714177491.50002
2016-02-15 17:49:51,6133029370.509994
2016-02-19 18:48:06,6387140028.359406
2016-02-24 08:49:40,6380595572.881862
2016-02-28 17:15:07,6576990392.114604
2016-03-04 02:49:00,6443845092.755935
2016-03-08 06:34:24,6332685029.733251
2016-03-12 02:41:11,6448949441.554566
2016-03-16 06:33:13,6362286220.1902895
2016-03-20 13:07:23,6286544837.9230385
2016-03-24 19:34:18,6398536673.982593
2016-03-28 20:53:14,6498509670.722569
2016-04-02 00:17:07,6400173736.761849
2016-04-06 02:57:44,6518489171.544154
2016-04-10 03:28:12,6444921200.25664
2016-04-14 00:53:33,6545618532.70977
2016-04-18 03:40:34,6618881195.221398
2016-04-22 05:52:03,6921324357.140124
2016-04-26 15:41:57,7214830088.114568
2016-04-30 23:19:55,6959859156.406976
2016-05-04 22:12:00,6922517604.260648
2016-05-08 19:06:24,7120375371.208351
2016-05-12 18:40:12,7013836858.353859
2016-05-17 00:54:53,7054446707.598924
2016-05-21 11:16:53,6833952468.164248
2016-05-25 03:55:25,6915903001.5521
2016-05-29 12:10:32,8173952122.786571
2016-06-03 00:37:00,8433288488.761898
2016-06-07 01:53:55,9279722234.768524
2016-06-11 05:11:26,9176584195.278603
2016-06-15 07:29:47,10686015219.981956
2016-06-19 06:21:42,11754600853.668924
2016-06-23 07:46:40,9157834390.646006
2016-06-27 12:22:39,10075910998.425102
2016-07-01 15:22:48,10645147402.156738
2016-07-05 20:54:34,10507019097.469877
2016-07-10 03:13:12,10206893087.029352
2016-07-14 10:17:31,10284809297.79851
2016-07-18 14:26:23,10722398339.822386
2016-07-23 02:03:08,10240088508.570011
2016-07-27 20:06:57,10386671930.64028
2016-08-01 07:42:27,9779473985.407816
2016-08-05 04:27:35,8999667015.868029
2016-08-08 23:25:09,9301607374.0272
2016-08-13 04:22:18,9235990528.524109
2016-08-17 06:06:38,9070364043.015638
2016-08-21 08:39:33,9216239944.063894
2016-08-25 09:47:25,9071538643.177351
2016-08-29 15:58:00,9092853072.375908
2016-09-02 21:02:16,9088153682.416162
2016-09-07 02:06:28,9666508001.421225
2016-09-11 07:49:13,9864482149.306849
2016-09-15 00:02:13,9643821785.706755
2016-09-19 01:28:20,9655010841.180635
2016-09-23 04:21:11,9429679411.630272
2016-09-27 00:01:22,9629528952.179726
2016-10-01 01:02:05,9693524978.485767
2016-10-05 01:32:20,9677247358.631378
2016-10-08 21:28:51,9783207122.777014
2016-10-13 05:50:02,10109776429.548025
2016-10-17 19:44:25,10115349375.285091
2016-10-22 00:42:24,10030389497.773104
2016-10-26 07:26:40,10479494367.339514
2016-10-30 08:01:32,11258377372.214277
2016-11-03 10:26:08,11832068490.980928
2016-11-07 16:36:25,11187065862.479624
2016-11-11 12:16:31,11419812511.823006
2016-11-15 09:07:33,11395017152.131323
2016-11-19 03:48:49,12031811043.003016
2016-11-23 13:48:56,11837253009.740698
2016-11-27 14:31:01,11721899674.23561
2016-12-01 14:18:07,12040943918.435738
2016-12-05 14:39:26,11942072677.18371
2016-12-09 14:22:10,12349035968.308416
2016-12-13 09:56:32,12476473464.713554
2016-12-17 20:07:43,12668532236.942007
2016-12-21 23:14:00,13248734907.384926
2016-12-25 23:46:44,14328632196.890656
2016-12-29 23:55:03,15499974427.418068
2017-01-02 22:59:14,16391016791.90799
2017-01-06 20:36:22,14441437398.803085
2017-01-10 22:57:57,14558224766.147871
2017-01-14 17:01:40,13285457748.49076
2017-01-18 11:12:23,14271292253.096657
2017-01-21 23:41:58,14822409998.788254
2017-01-25 22:44:59,14411783807.860968
2017-01-29 18:06:59,14793857895.81545
2017-02-02 12:20:23,15945099324.317604
2017-02-06 17:07:54,16557926546.200384
2017-02-10 18:20:21,15669220440.210627
2017-02-14 18:37:08,16265745494.297277
2017-02-18 20:40:02,17170233896.81945
2017-02-23 08:07:43,18084146184.15346
2017-02-26 23:13:40,19020834848.301353
2017-03-03 01:41:32,20402307868.66712
2017-03-07 08:36:07,20591622690.34557
2017-03-11 09:47:52,19064936178.693394
2017-03-15 11:40:46,20300061634.889256
2017-03-19 11:13:33,16234414198.559061
2017-03-23 14:45:13,16935732228.514603
2017-03-27 11:26:38,16091287728.974297
2017-03-31 16:40:50,17162298828.329329
2017-04-04 20:37:28,18451427871.77627
2017-04-08 21:57:56,19175227648.19868
2017-04-12 22:19:54,19845380337.816093
2017-04-17 06:02:45,19394999401.86062
2017-04-21 12:53:32,20394355362.0147
2017-04-25 19:33:41,20881606234.970734
2017-04-29 20:31:55,21993647101.20891
2017-05-03 21:20:09,24472071619.623028
2017-05-07 18:57:50,25389098262.402927
2017-05-11 16:30:58,30308932351.481686
2017-05-15 13:42:01,28324098436.22827
2017-05-19 17:32:47,31747931329.59431
2017-05-23 14:50:00,36263015035.14531
2017-05-27 12:30:44,32919226019.5591
2017-05-31 02:44:38,35977585627.89725
2017-06-03 18:26:55,42078846676.605835
2017-06-07 14:06:02,46714456580.81545
2017-06-11 15:38:10,47655219108.45101
2017-06-15 19:00:29,37494578313.21211
2017-06-19 22:46:34,42125426778.83002
2017-06-24 05:08:14,44214369550.5044
2017-06-28 15:19:30,41561819090.394066
2017-07-02 15:22:21,39945172430.37528
2017-07-06 08:47:02,42645603114.84378
2017-07-10 09:39:21,41355519286.68651
2017-07-13 21:39:13,38332476246.91775
2017-07-18 03:32:04,36070587663.91181
2017-07-22 00:01:57,43673199908.72998
2017-07-25 17:00:38,42226111134.294624
2017-07-29 18:19:27,44281930533.39017
2017-08-02 20:00:40,44620661392.76672
2017-08-06 17:28:18,53308049455.080025
2017-08-10 20:25:02,56422288361.76187
2017-08-15 05:39:22,72289150166.61629
2017-08-19 06:20:59,67817637445.767494
2017-08-24 00:25:33,68237860806.87387
2017-08-29 03:34:24,72390315590.73439
2017-09-01 21:30:12,80477547780.80751
2017-09-05 12:23:29,71814317920.93178
2017-09-08 23:40:18,69968138536.0439
2017-09-12 16:10:50,70684708030.37865
2017-09-16 01:37:19,61968453511.667114
2017-09-19 22:45:13,64676024438.04525
2017-09-24 00:02:44,62279887037.052605
2017-09-28 07:12:34,70282581104.6989
2017-10-02 09:24:40,73454324039.21867
2017-10-06 10:50:24,73146128015.308
2017-10-10 03:07:47,80264042241.16365
2017-10-14 06:47:47,94118573935.47023
2017-10-17 21:21:21,93505381252.25696
2017-10-21 13:33:54,101417038758.68214
2017-10-25 01:37:58,91238513891.4059
2017-10-29 11:05:45,96818506981.97876
2017-11-02 13:51:31,118276677804.3662
2017-11-07 03:39:44,117350268131.20947
2017-11-11 16:11:28,107938974161.83461
2017-11-16 14:58:42,124130865723.53157
2017-11-20 12:54:02,134466960699.2571
2017-11-24 08:28:35,135775243962.22392
2017-11-28 04:40:05,162198244126.82254
2017-12-01 19:09:03,176837466976.5353
2017-12-05 07:55:18,193838251952.2067
2017-12-08 22:08:30,260541556282.49228
2017-12-12 14:42:36,282793214608.11145
2017-12-16 02:03:54,295853221569.0102
2017-12-19 14:07:16,303610244367.20953
2017-12-23 21:17:56,254718703677.4869
2017-12-28 02:01:18,256325349827.66003
2017-12-31 23:48:38,235143240390.3109
2018-01-04 17:33:30,245129955908.8495
2018-01-08 14:04:06,256665955426.40408
2018-01-12 01:45:48,220595126091.18735
2018-01-15 23:00:51,233186398486.0867
2018-01-19 16:58:04,196444124079.13956
2018-01-23 01:51:06,181366238406.77194
2018-01-26 17:18:25,183898139884.29398
2018-01-30 14:34:03,180786054967.88864
2018-02-03 16:00:25,154271531251.78732
2018-02-07 05:38:30,126563145836.03429
2018-02-11 13:50:32,136300260902.90761
2018-02-15 08:34:16,163748021409.11444
2018-02-19 06:35:04,177712240409.11057
2018-02-23 04:35:08,164405829266.32126
2018-02-27 06:14:16,173101003852.49478
2018-03-03 01:59:06,187466188322.569
2018-03-06 22:49:30,180975653970.31186
2018-03-10 23:21:47,150499545467.4473
2018-03-14 21:34:41,139415596051.6759
2018-03-19 00:06:39,134074866014.29169
2018-03-23 08:55:01,142977469000.2598
2018-03-27 11:50:31,134408303223.7785
2018-03-31 14:54:00,119902770483.50208
2018-04-04 14:55:11,119508490242.38629
2018-04-08 10:25:36,117996214862.23888
2018-04-12 07:06:49,117434326714.3222
2018-04-16 05:52:35,138445477356.36398
2018-04-20 00:49:54,140316740011.6362
2018-04-24 00:23:06,151702972398.43677
2018-04-28 10:24:10,156072292070.62643
2018-05-02 09:19:40,155410752685.09573
2018-05-06 14:41:07,162424133698.27762
2018-05-10 15:48:57,159132974346.35345
2018-05-14 22:42:33,149766181742.7076
2018-05-19 00:05:00,140240075351.39236
2018-05-23 00:40:01,137576144727.86386
2018-05-26 20:26:35,128604635829.94719
2018-05-30 16:32:06,126357753015.10341
2018-06-03 09:15:21,131523656946.87425
2018-06-07 01:50:54,130950459652.15569
2018-06-11 09:47:04,115422998675.52008
2018-06-15 14:54:34,111293883924.47841
2018-06-19 09:20:45,114537016847.6555
2018-06-23 07:18:12,104352838891.67712
2018-06-27 01:50:23,104164953418.20168
2018-07-01 09:39:03,109116633838.80132
2018-07-05 23:29:34,111321120067.12335
2018-07-09 23:24:53,114984167588.80132
2018-07-14 08:47:48,106644507684.11382
2018-07-18 15:57:01,127574320524.21797
2018-07-22 10:56:24,127412455278.38464
2018-07-26 00:54:02,141610359474.218
2018-07-29 19:37:08,140967797433.33255
2018-08-02 23:49:47,129646767310.15547
2018-08-06 18:54:56,119312110244.21898
2018-08-10 17:49:46,110524174471.87422
2018-08-14 15:40:39,104422347985.93672
2018-08-18 12:34:28,112047400452.86382
2018-08-22 14:13:55,114772069603.64507
2018-08-26 14:49:38,115266766901.31554
2018-08-30 10:14:52,120106367327.20116
2018-09-03 11:35:25,124712781612.4135
2018-09-07 20:47:35,110621920771.09297
2018-09-12 00:02:37,108388851666.14507
2018-09-16 04:26:09,112099689788.80132
2018-09-20 09:41:25,110494650748.17632
2018-09-24 11:47:37,114527456760.52026
2018-09-28 12:04:01,115167677362.75964
2018-10-02 10:32:59,113477870078.38464
2018-10-06 22:11:06,113273671013.28047
2018-10-11 07:00:07,107658024696.86914
2018-10-15 15:54:41,110792675676.08623
2018-10-20 00:54:30,110625937182.2909
2018-10-24 06:52:19,111165350926.30132
2018-10-28 17:55:53,111118390569.27007
2018-11-01 15:37:18,109429519542.44714
2018-11-05 23:06:00,111046364516.40547
2018-11-10 19:36:37,110595251034.63464
2018-11-15 06:02:15,96317556777.92058
2018-11-19 23:28:31,84732433729.9471
2018-11-24 20:33:58,72765148107.81169
2018-11-29 22:32:17,72867994372.51683
2018-12-05 02:47:01,67719882589.32209
2018-12-09 22:54:28,61844398847.47785
2018-12-14 16:40:50,56559099192.186676
2018-12-19 01:20:00,63232143533.66346
2018-12-23 03:47:21,69320589444.83696
2018-12-26 21:30:05,65957384782.55126
2018-12-30 16:32:56,66389764580.467926
2019-01-03 16:40:33,66880598335.73953
2019-01-07 17:00:52,70148094023.08961
2019-01-11 14:06:40,63459065758.07211
2019-01-15 22:22:55,63075811256.78765
2019-01-20 10:26:26,64527472455.20752
2019-01-24 15:36:18,62292425022.39502
2019-01-28 21:42:01,59771418309.89502
2019-02-01 23:07:49,60324612579.68668
2019-02-06 04:01:57,59234275467.18668
2019-02-09 21:22:51,63296088880.728355
2019-02-14 04:59:06,62771983906.24918
2019-02-18 10:16:24,64764998497.39502
2019-02-22 17:57:18,68973539139.06169
2019-02-26 21:13:37,66710801404.686676
2019-03-03 00:11:29,66832364504.94709
2019-03-07 06:42:01,67990732552.40524
2019-03-11 17:28:40,67459619803.905426
2019-03-15 20:43:49,68502516231.249176
2019-03-19 17:47:36,69998854181.77
2019-03-23 16:34:54,69892455761.71793
2019-03-27 20:54:19,70535169974.47835
2019-04-01 03:23:42,72370326069.53043
2019-04-05 08:04:30,87394420828.3846
2019-04-09 14:01:35,91846408540.50594
2019-04-13 18:07:23,89812681783.21577
2019-04-18 05:12:20,92864758120.83257
2019-04-22 07:10:42,93111459534.37422
2019-04-26 15:54:57,91081725145.57214
2019-04-30 16:58:10,92694478251.30132
2019-05-04 09:38:02,101195095481.50964
2019-05-08 20:27:25,103978623336.19714
2019-05-13 04:55:31,124364360592.18672
2019-05-17 03:56:46,136236279153.9032
2019-05-21 00:36:35,141685967171.8742
2019-05-24 21:31:25,143246188726.9829
2019-05-28 18:30:42,154343156032.5513
2019-06-01 18:06:49,151586667410.6763
2019-06-06 01:21:00,137683652563.5409
2019-06-10 05:13:39,135677360422.4489
2019-06-14 10:22:38,146817651400.67804
2019-06-18 14:12:17,163194271164.32214
2019-06-22 15:30:00,195373344640.3638
2019-06-26 06:56:01,218266438624.30423
2019-06-30 01:37:48,213967576625.52005
2019-07-03 23:27:01,202648312321.61386
2019-07-07 11:55:20,199453397540.62427
2019-07-11 12:45:19,204999940293.86353
2019-07-15 17:26:16,184839292330.72842
2019-07-20 02:36:06,186715762379.16605
2019-07-24 02:20:56,176229931892.18692
2019-07-28 02:35:13,168614461136.71817
2019-07-31 20:41:04,178821057948.37613
2019-08-04 13:49:19,191159309713.41357
2019-08-08 14:15:22,211172059217.44644
2019-08-12 16:12:48,203289317415.8849
2019-08-16 19:08:05,184197404914.9437
2019-08-21 00:14:23,192850843967.25656
2019-08-25 03:48:18,181172825038.54126
2019-08-29 07:33:03,171169067140.36417
2019-09-02 04:31:23,174992505360.25677
2019-09-06 03:09:50,190106811449.99963
2019-09-10 00:48:42,184914777605.98923
2019-09-13 14:20:42,185176372548.6975
2019-09-17 13:31:46,182720935233.33292
2019-09-21 09:47:45,180427370364.84335
2019-09-25 13:33:01,150237315615.36417
2019-09-29 13:58:02,144806123962.76
2019-10-03 20:56:49,146304294807.29126
2019-10-07 21:50:28,148132823694.53085
2019-10-11 20:40:00,149869104883.56308
2019-10-16 03:44:03,146827367118.7496
2019-10-20 08:39:30,142561028868.4892
2019-10-24 01:04:17,134158802847.39545
2019-10-28 15:59:05,168781416990.65506
2019-11-02 07:23:04,166758068629.10785
2019-11-06 18:58:58,168069782879.9475
2019-11-11 00:34:03,163473846939.58292
2019-11-15 01:58:00,155608890725.26
2019-11-19 05:10:19,147446468652.8642
2019-11-23 11:28:09,129690771599.73918
2019-11-28 00:28:09,136416135234.37459
2019-12-02 07:46:29,131809017632.29126
2019-12-06 08:12:30,133540771198.95793
2019-12-10 09:40:58,132697203046.61418
2019-12-14 14:12:11,129630873488.28084
2019-12-19 00:22:35,131143071746.7298
2019-12-22 16:59:41,130064960885.15584
2019-12-27 00:12:34,130905617902.27794
2019-12-30 23:25:54,131269898561.19751
2020-01-03 20:10:48,133167458574.99962
2020-01-07 18:13:20,142845422722.0961
2020-01-11 15:52:43,146366168850.52045
2020-01-15 16:21:52,159669886038.02045
2020-01-19 20:08:13,156886703103.90588
2020-01-24 10:59:21,150612747923.17673
2020-01-28 14:46:37,164973290947.39548
2020-02-01 13:49:55,170050217629.1663
2020-02-05 19:11:23,174306090871.09338
2020-02-10 03:38:51,184846075504.9475
2020-02-14 11:02:43,185618378600.26
2020-02-18 17:43:28,178580965010.15585
2020-02-22 23:31:31,176804500676.04126
2020-02-27 06:36:11,159163462987.5286
2020-03-02 04:56:51,156888341901.04126
2020-03-06 00:42:34,165972923737.76004
2020-03-09 23:54:43,143488119185.4163
2020-03-14 13:30:52,98112251395.69734
2020-03-19 22:03:00,111603963735.90936
2020-03-24 23:16:29,122973175559.11424
2020-03-29 10:57:20,112055318285.1559
2020-04-02 10:38:11,121829471861.19757
2020-04-06 11:27:30,129807500053.12465
2020-04-10 10:14:33,126655743178.12465
2020-04-14 03:59:21,125654029357.55174
2020-04-18 04:09:15,129732468380.208
2020-04-22 01:48:01,125873431367.18715
2020-04-26 13:00:29,139744195449.4788
2020-04-30 20:42:03,159587846130.106
2020-05-04 18:47:34,161888810555.7288
2020-05-08 21:40:00,182980140571.35382
2020-05-12 21:24:03,162597535308.0726
2020-05-18 00:41:20,178272660641.66635
2020-05-23 04:22:29,169825712527.86426
2020-05-28 01:00:33,168157862250.65073
2020-06-01 10:39:17,175505002901.04135
2020-06-05 14:16:14,178333845636.1976
2020-06-09 04:09:04,178742481684.37518
2020-06-12 19:04:16,172877033787.36948
2020-06-16 15:59:37,174848319655.0778
2020-06-21 04:04:43,172422824727.60385
2020-06-25 06:16:54,168419728236.458
2020-06-29 11:39:46,167365651417.97287
2020-07-03 08:26:20,167650840801.95282
2020-07-07 02:35:35,171978222147.52573
2020-07-10 23:50:31,170131397038.54135
2020-07-15 00:34:13,170663016984.24448
2020-07-19 16:45:28,168340262092.96844
2020-07-24 04:24:14,176758090196.48407
2020-07-28 03:23:09,206231406963.10068
2020-08-01 09:04:11,214137956645.96323
2020-08-05 13:17:00,210362420839.71323
2020-08-09 16:19:49,214496397432.55176
2020-08-13 16:32:51,212357639254.29654
2020-08-17 15:16:36,222322139811.58823
2020-08-21 23:14:05,214353107044.2705
2020-08-26 05:48:46,209739193427.73404
2020-08-30 13:48:33,214043562637.2393
2020-09-03 19:27:58,197896112820.96326
2020-09-07 20:59:36,187985732993.22888
2020-09-11 22:07:24,190719717055.04532
2020-09-15 15:15:10,200774256758.0636
2020-09-19 07:18:57,202445806260.0383
2020-09-23 16:47:06,194036954491.62244
2020-09-27 15:57:31,197361784800.781
2020-10-02 01:24:08,196082709931.11954
2020-10-06 04:39:25,199315546448.9581
2020-10-10 10:04:28,210692275941.406
2020-10-14 11:27:34,211418429351.95288
2020-10-18 12:37:21,211660669563.41122
2020-10-23 04:58:51,240493124153.6456
2020-10-28 04:40:44,254622051505.87045
2020-11-02 16:29:08,248606957917.70804
2020-11-06 22:38:36,287522167665.2341
2020-11-10 22:07:36,283777977917.9685
2020-11-15 02:01:07,297060612613.281
2020-11-18 20:18:30,330228331375.7096
2020-11-22 14:58:30,337253124153.64557
2020-11-26 17:08:44,314694170938.93207
2020-11-30 23:58:59,360647846313.5413
2020-12-05 02:42:10,346855590562.7601
2020-12-09 11:18:07,335245354406.46893
2020-12-13 20:01:20,357743092686.0708
2020-12-18 04:15:49,427553715739.88306
2020-12-22 05:00:13,424739664707.8122
2020-12-26 13:48:46,461102016059.6351
2020-12-30 10:52:06,519694941325.5205
2021-01-03 09:24:01,638389288843.5114
2021-01-07 00:45:11,676171097864.1923
2021-01-11 00:39:48,710581538508.3201
2021-01-15 02:13:13,726902856674.7393
2021-01-19 06:10:16,680806352026.9528
2021-01-23 16:10:50,593034204659.2212
2021-01-27 18:11:42,563052655787.7601
2021-01-31 22:14:00,608735191819.6747
2021-02-05 02:58:05,689897640057.8124
2021-02-08 21:25:27,807865483489.7137
2021-02-13 06:30:03,893594082393.8804
2021-02-17 14:10:55,959516109925.3907
2021-02-21 17:35:59,1070925458454.8179
2021-02-26 01:29:16,896490994904.9131
2021-03-02 09:13:16,909572860952.0836
2021-03-06 12:45:45,895664971229.475
2021-03-10 16:20:36,1045583101428.4927
2021-03-14 20:24:51,1117992943833.594
2021-03-19 01:32:55,1075611131567.1879
2021-03-23 00:24:05,1017391503695.3234
2021-03-27 02:08:00,1023232516358.5941
2021-03-31 01:56:57,1098428062177.9951
2021-04-04 05:20:35,1071913548154.4274
2021-04-08 07:17:40,1062154844301.4326
2021-04-12 10:47:55,1131764433126.693
2021-04-16 19:28:45,1148842098613.2815
2021-04-22 11:17:48,1011528071545.6935
2021-04-26 20:58:53,1003211288767.5785
2021-05-01 07:41:16,1087831713209.1149
2021-05-04 20:10:04,1014856677093.7985
2021-05-08 11:17:58,1101066597378.3855
2021-05-11 21:28:35,1061306015562.6304
2021-05-15 23:39:13,901387541289.0543
2021-05-21 03:10:18,768946040211.8317
2021-05-26 05:54:35,736672972661.2144
2021-05-31 03:26:37,659518644095.3314
2021-06-04 06:50:15,702914550512.7607
2021-06-08 15:20:46,609713496331.6409
2021-06-13 16:13:32,672657446806.9012
2021-06-18 06:36:46,709064401947.9021
2021-06-24 03:15:35,624232089563.933
2021-06-30 20:39:57,647285447620.704
2021-07-06 07:47:58,648410148585.2874
2021-07-10 16:18:55,633332622865.6259
2021-07-15 01:03:42,616017704156.381
2021-07-19 07:48:23,594656519530.0492
2021-07-23 13:42:02,607216763095.5404
2021-07-27 12:25:13,704350109090.3654
2021-07-31 04:46:38,785278754854.0371
2021-08-04 02:47:43,718242911342.8429
2021-08-08 00:38:19,830345111908.4277
2021-08-11 22:42:30,869754720939.0631
2021-08-15 19:09:06,863518713374.098
2021-08-19 15:55:55,847341040106.4585
2021-08-23 09:06:41,943481466859.7134
2021-08-27 02:37:41,885875643945.7124
2021-08-31 06:51:46,885750642539.8439
2021-09-04 10:43:47,945302404029.2972
2021-09-08 05:59:44,875859544905.4691
2021-09-12 13:27:50,864976928198.6659
2021-09-16 13:20:39,902394561396.3539
2021-09-20 13:04:54,837621193170.834
2021-09-24 18:08:45,792450469071.2482
2021-09-28 20:14:34,781337757230.9528
2021-10-02 16:27:35,902337158404.3822
2021-10-06 16:03:04,997059906855.2799
2021-10-11 00:21:37,1039344023844.2181
2021-10-15 04:43:14,1093255901639.1088
2021-10-19 10:04:06,1172607347207.8364
2021-10-23 06:44:02,1152493235376.6104
2021-10-27 04:34:35,1144666745632.9402
2021-10-30 23:44:40,1162495343508.3357
2021-11-04 00:20:10,1187358644526.2002
2021-11-08 00:14:01,1187857331317.7615
2021-11-12 03:18:06,1226595106783.2905
2021-11-16 03:32:36,1174799633365.4863
2021-11-20 08:53:17,1104910776643.9702
2021-11-24 15:43:56,1062772884594.9362
2021-11-29 03:38:41,1083933701847.8744
2021-12-03 06:56:30,1070906238628.131
2021-12-07 01:39:15,944080990423.6046
2021-12-10 20:37:13,902702942600.6743
2021-12-14 23:41:04,883758534292.2212
2021-12-19 09:38:09,885950798248.4712
2021-12-23 12:33:12,919497210045.4712
2021-12-27 17:40:01,960774246586.8462
2022-01-01 01:23:56,881831416640.9296
2022-01-05 00:52:16,876402929552.0259
2022-01-09 06:17:07,788953035964.6587
2022-01-13 08:23:14,831415816631.2524
2022-01-16 21:57:16,816825970869.7837
2022-01-20 16:57:06,806675709443.0475
2022-01-25 01:44:39,692260270357.9642
2022-01-29 09:03:16,715890893319.9293
2022-02-02 10:31:42,727588578346.372
2022-02-06 18:53:03,788001113267.0104
2022-02-11 00:28:40,834007959121.626
2022-02-14 17:46:21,807922279977.687
2022-02-18 16:13:09,764488449884.1327
2022-02-22 23:17:40,720927199598.1898
2022-02-27 13:33:09,745608487716.6719
2022-03-03 13:40:21,824507845757.1509
2022-03-08 00:13:09,720791231308.8301
2022-03-12 06:41:34,742984558519.3771
2022-03-16 08:05:20,747830344286.98
2022-03-20 07:39:12,795761275935.3403
2022-03-24 08:18:10,817304776963.4967
2022-03-28 12:11:24,895413391644.8672
2022-04-01 15:30:09,862670222180.7335
2022-04-05 22:47:17,872816407029.0043
2022-04-10 04:02:33,812928155026.7999
2022-04-14 09:35:27,783445186848.7778
2022-04-18 13:55:59,743551469491.3344
2022-04-22 15:56:46,766866619459.2383
2022-04-26 11:02:18,769976580961.498
2022-04-30 13:54:02,735022716525.974
2022-05-04 09:47:44,735580714994.0083
2022-05-08 12:58:30,661658176747.1766
2022-05-12 14:15:51,543853216615.8894
2022-05-16 21:36:09,567372812794.5582
2022-05-21 13:55:33,557484133640.191
2022-05-25 23:10:55,566203006130.4755
2022-05-30 03:24:16,567441834028.4884
2022-06-03 12:18:31,574613520417.3815
2022-06-07 15:00:29,563199871923.3313
2022-06-11 11:51:22,553263871341.7198
2022-06-15 19:32:51,404094478650.3448
2022-06-20 09:33:41,385703040427.7171
2022-06-24 18:52:58,400865994213.7247
2022-06-29 01:26:32,387556968199.9062
2022-07-03 04:28:30,367118203822.32526
2022-07-07 12:23:02,391089663444.25494
2022-07-11 18:06:10,390514561030.3501
2022-07-16 09:47:49,392983372899.15967
2022-07-21 00:25:03,445803851319.4002
2022-07-25 04:38:00,420913856781.5185
2022-07-29 04:46:05,455220795491.0525
2022-08-02 10:05:41,435968849906.16266
2022-08-06 15:10:31,443088845215.56226
2022-08-10 15:49:24,453094659642.4272
2022-08-14 22:53:03,464535328304.2766
2022-08-19 04:50:09,435894453027.59283
2022-08-23 03:57:54,408180242143.88983
2022-08-26 21:44:16,395162137160.2259
2022-08-30 19:21:56,377958991416.9687
2022-09-04 01:05:23,379339990911.3658
2022-09-08 01:51:52,370069145554.2532
2022-09-12 01:56:47,414905396385.0816
2022-09-16 08:25:47,378912542794.99835
2022-09-20 11:35:54,369680709294.30695
2022-09-24 22:04:07,365565689551.38214
2022-09-29 02:31:08,373465406406.20197
2022-10-02 20:28:51,368594775253.697
2022-10-06 14:40:13,386545860208.2151
2022-10-10 06:53:25,372922725644.653
2022-10-14 06:37:27,380092316624.4832
2022-10-18 08:10:13,375916446345.3166
2022-10-22 10:42:50,367740955324.4832
2022-10-26 19:46:15,398705615303.38947
2022-10-31 00:41:01,395962946270.57697
2022-11-04 01:53:26,388729572452.0874
2022-11-08 07:47:04,379276888340.1082
2022-11-12 09:21:17,322252421367.1916
2022-11-16 18:03:00,316912043460.68115
2022-11-20 23:14:19,316331132504.6916
2022-11-25 14:01:53,317076870137.76447
2022-11-30 05:58:04,325097735328.38947
2022-12-04 19:04:03,327540316458.07697
2022-12-08 17:52:01,325734225108.3374
2022-12-12 19:08:13,327364603661.20197
2022-12-16 22:58:28,324302693006.2541
2022-12-21 08:25:52,323999816162.76447
2022-12-26 02:26:32,324228179445.8374
2022-12-30 12:05:18,317850051886.9832
2023-01-03 09:23:36,322547346321.3582
2023-01-07 04:34:31,326769749723.9624
2023-01-11 01:13:25,336100892084.8999
2023-01-14 23:08:14,402354741547.13947
2023-01-18 23:03:11,402431600317.7124
2023-01-23 05:11:04,437868117981.7749
2023-01-27 03:42:50,439822547714.0666
2023-01-31 03:13:22,439203890555.99365
2023-02-04 16:32:48,452035398184.3791
2023-02-08 20:25:03,442048024326.30615
2023-02-12 20:15:12,424118363644.53534
2023-02-16 14:36:17,473607383061.4624
2023-02-20 07:23:34,472721827825.5249
2023-02-24 05:47:49,462765220217.97284
2023-02-28 16:08:29,452586675745.3166
2023-03-04 13:53:10,431619638637.24365
2023-03-08 13:54:25,425970074671.8791
2023-03-12 17:37:20,394940413657.55615
2023-03-16 22:09:36,481533423531.7749
2023-03-20 21:32:24,538557388616.6707
2023-03-24 16:09:21,540479923568.2332
2023-03-28 20:16:28,521526678527.86865
2023-04-02 01:26:53,550151724277.3478
2023-04-06 05:50:02,542755125131.2541
2023-04-10 09:34:43,547051502397.13947
2023-04-14 13:54:10,594832554291.1499
2023-04-18 15:33:42,586425185436.4624
2023-04-22 21:50:44,535167619121.8791
2023-04-27 10:33:46,559605143494.2749
2023-05-01 14:11:40,553176373138.0249
2023-05-05 22:53:14,571770022192.1915
2023-05-10 04:30:05,537232030858.59784
2023-05-14 04:15:51,519034987744.2749
2023-05-17 23:59:45,530701454711.20197
2023-05-22 06:45:56,517793335857.03534
2023-05-26 07:05:19,512314521355.2124
2023-05-30 06:03:33,539201635987.5041
2023-06-03 09:43:05,527125724472.9207
2023-06-07 18:19:16,514136428753.6499
2023-06-11 12:45:45,500253716384.3791
2023-06-15 19:00:28,486404161524.4832
2023-06-19 22:36:02,519529849313.80615
2023-06-24 12:19:53,595500662582.8165
2023-06-28 23:27:35,585718301210.9415
2023-07-02 23:25:43,594518565113.2853
2023-07-07 05:35:40,584927501276.3062
2023-07-10 19:12:35,589814608946.879
2023-07-15 07:19:43,589460623819.2749
2023-07-19 08:25:40,584818133606.5145
2023-07-23 23:13:17,586147937895.577
2023-07-28 06:39:33,568799589886.9833
2023-08-01 11:30:06,563451983556.254
2023-08-05 15:19:18,564905229609.8999
2023-08-09 17:59:23,577670882458.5978
2023-08-13 22:48:43,572485917178.3895
2023-08-17 14:34:40,554351669114.5874
2023-08-21 15:01:51,507196066444.2749
2023-08-25 22:08:36,506614529363.5457
2023-08-30 12:24:18,534148762799.74365
2023-09-03 16:15:48,504921414894.7957
2023-09-08 01:05:24,510005291469.7957
2023-09-12 02:36:53,490501569359.63947
2023-09-15 22:41:42,515666717405.7332
2023-09-19 23:32:08,530166860312.5041
2023-09-24 05:50:05,518760463478.38947
2023-09-28 09:16:05,515958805095.3166
2023-10-02 14:16:31,553026208161.202
2023-10-06 16:25:48,538928762723.4416
2023-10-10 13:25:17,538736401721.09784
2023-10-14 12:20:42,524723626979.1707
2023-10-18 12:38:43,555774972837.2437
2023-10-22 17:25:22,583475781139.8478
2023-10-26 21:09:07,664610008630.9937
2023-10-30 22:37:40,672892365100.004
2023-11-04 01:41:18,678320048899.7437
2023-11-08 04:37:55,690732357101.5665
2023-11-12 07:44:06,723236229290.629
2023-11-16 13:27:06,728247237145.0562
2023-11-20 10:25:10,726789655287.504
2023-11-24 10:45:47,733428307053.6499
2023-11-28 13:13:04,726768891702.3478
2023-12-02 19:34:39,759489695094.7958
2023-12-06 22:58:40,859786303905.4728
2023-12-11 08:03:34,824281396275.5249
2023-12-15 10:27:43,836908134141.4103
2023-12-19 06:59:37,841394364953.6499
2023-12-23 03:48:27,856630376609.1187
2023-12-27 05:33:00,829918321041.9312
2023-12-31 13:37:18,835078617737.2437
2024-01-04 14:42:39,848234742513.2853
2024-01-09 03:00:00,916350438597.3999
2024-01-13 00:20:27,844290277807.0353
2024-01-17 17:38:25,833911168900.7853
2024-01-22 02:47:29,816054986523.9624
2024-01-25 21:37:52,782699228672.9208
2024-01-29 16:39:08,825802409249.2228
2024-02-02 17:09:13,845461937255.7333
2024-02-06 13:18:03,840858334034.6395
2024-02-10 11:13:36,926456483516.9312
2024-02-14 13:27:36,1010578376069.5353
2024-02-18 21:50:25,1017044423435.4208
2024-02-23 06:56:18,1004904976412.7645
2024-02-27 13:25:07,1111562715369.5354
2024-03-02 22:09:47,1215098576187.7644
2024-03-07 01:07:25,1298216064854.4312
2024-03-10 20:46:26,1362116765708.8582
2024-03-14 19:08:43,1396916844020.3167
2024-03-19 03:52:46,1318907973564.327
2024-03-23 12:32:11,1269027149294.5354
2024-03-27 16:32:30,1376080203032.8167
2024-03-31 22:06:29,1393275936379.6917
2024-04-05 07:42:08,1327559895552.6082
2024-04-09 02:29:40,1407324732173.702
2024-04-13 09:29:21,1324453477948.1812
2024-04-17 07:25:50,1260021085894.275
2024-04-21 14:29:07,1282747466414.7175
2024-04-25 16:08:17,1255133287422.53
2024-04-30 01:47:47,1259266029157.9468
2024-05-04 12:29:11,1251636352607.0354
2024-05-09 06:16:22,1215590018561.5925
2024-05-13 12:38:53,1238473019287.8948
2024-05-17 17:56:35,1320356644199.4832
2024-05-22 00:17:55,1374323600903.5198
2024-05-25 19:06:39,1361821986150.525
2024-05-30 02:58:20,1337405976971.3582
2024-06-03 11:04:08,1361919189132.8167
2024-06-07 23:25:05,1365589934402.348
2024-06-12 02:28:46,1325483661083.2073
2024-06-16 11:13:46,1307973659868.8843
2024-06-20 15:35:20,1293616052864.848
2024-06-25 02:53:00,1191042504025.7854
2024-06-29 19:36:46,1204339549534.1187
2024-07-04 02:02:57,1190405851370.4468
2024-07-08 08:29:25,1100232528539.0667
2024-07-12 11:57:21,1129921066032.5562
2024-07-16 10:24:32,1244552387155.7332
2024-07-20 12:57:15,1314640454852.0874
2024-07-24 03:34:14,1299746136169.1448
2024-07-28 04:29:21,1346212825319.7957
2024-08-01 02:05:05,1278259689239.978
2024-08-05 11:18:34,1034223240925.1343
2024-08-10 04:23:25,1196542095357.8167
2024-08-14 09:00:40,1202679722691.5405
2024-08-18 10:45:34,1181356284186.0718
2024-08-22 16:25:23,1198526538021.098
2024-08-26 17:38:55,1259861078066.0198
2024-08-30 23:58:47,1169603526060.2905
2024-09-04 02:19:34,1138528246293.8843
2024-09-08 02:41:04,1073033065265.3687
2024-09-12 12:32:21,1150089127864.327
2024-09-16 23:35:52,1146113995138.676
2024-09-21 09:25:51,1246529333332.426
2024-09-25 17:17:46,1260860517414.0667
2024-09-30 04:04:54,1283169120794.5354
2024-10-04 04:44:37,1208019574191.15
2024-10-08 03:10:00,1237381861193.2332
2024-10-12 06:34:02,1240060378499.4832
2024-10-16 10:52:50,1331590034640.1082
2024-10-20 10:49:00,1352364738045.3167
2024-10-24 08:13:08,1331224626968.6238
2024-10-28 07:09:58,1341105110943.103
2024-11-01 00:43:44,1392530831840.1082
2024-11-05 07:06:29,1355293924955.473
2024-11-09 11:47:30,1514049683225.655
2024-11-13 19:30:14,1825219280653.6497
2024-11-17 22:02:21,1780187328213.9363
2024-11-21 20:10:57,1933732463414.0664
2024-11-26 00:01:29,1861663641732.8164
2024-11-30 10:22:35,1917553148056.7747
2024-12-04 12:25:19,1914381592631.905
2024-12-08 17:44:09,1979067940261.0715
2024-12-12 18:15:27,2009816647489.5872
2024-12-16 17:33:35,2090731659412.7644
2024-12-20 22:56:57,1922416380001.5664
2024-12-25 05:09:26,1944922202256.5144
2024-12-29 07:00:53,1888060687041.0195
2025-01-02 12:03:02,1914651782095.4465
2025-01-06 11:56:11,1965103799942.1914
2025-01-10 23:53:49,1879772971683.207
2025-01-15 03:27:48,1921452851010.2903
2025-01-19 10:43:11,2078150692985.681
2025-01-23 17:32:29,2045987647437.504
2025-01-28 02:27:11,2021703107636.7227
2025-02-01 07:13:15,2029784428923.181
2025-02-05 05:52:51,1942709056321.4883
2025-02-09 02:30:45,1916941310244.6653
2025-02-13 13:24:54,1907146259914.7175
2025-02-17 13:33:18,1910830217922.009
2025-02-22 04:06:48,1910418220154.431
2025-02-26 12:20:19,1768694987984.8997
2025-03-02 14:45:12,1708633366051.1758
2025-03-06 20:11:43,1764318869828.78
2025-03-10 21:40:08,1563136206524.0925
2025-03-15 00:18:15,1673836152391.5403
2025-03-19 07:57:29,1652585905502.7383
2025-03-23 11:15:42,1675921233585.03
2025-03-27 12:08:38,1734238360368.1028
2025-03-31 16:45:15,1653171474402.6082
2025-04-04 13:22:19,1637314106460.03
2025-04-08 12:30:51,1572036992819.0144
2025-04-12 20:13:56,1683388186282.556
2025-04-16 21:06:13,1671705765768.3633
2025-04-21 06:25:32,1729741132651.5664
2025-04-25 17:38:16,1888158449817.3215
2025-04-30 03:05:49,1876668149899.3528
2025-05-04 06:49:36,1907274099365.3684
2025-05-08 05:50:04,1968397651660.2903
2025-05-12 07:37:21,2071571302178.3894
2025-05-16 17:13:50,2061738319579.431
2025-05-20 20:02:05,2093939000845.056
2025-05-24 23:12:36,2156479689944.0144
2025-05-28 23:33:29,2134241007661.4622
2025-06-02 00:19:12,2094368827549.4832
2025-06-06 13:07:37,2065576927677.0872
2025-06-10 17:33:16,2170550635511.7227
2025-06-14 20:23:58,2084435356661.4622
2025-06-19 08:26:30,2087252549296.879
2025-06-24 02:59:16,2089730262128.9102
2025-06-28 13:22:08,2134396854569.0144
2025-07-02 16:51:31,2157570104367.1914
2025-07-06 13:30:54,2152132898691.4102
2025-07-10 12:31:10,2211429631368.4937
2025-07-14 14:39:42,2420966854889.3267
2025-07-18 21:28:40,2337876694113.285
2025-07-23 00:35:04,2382087564923.181
2025-07-27 02:41:41,2351184196128.91
2025-07-31 16:20:02,2354720335792.9727
2025-08-04 17:09:09,2287762566528.65
2025-08-09 16:09:37,2332814929191.41
2025-08-15 05:43:23,2368345954222.66
2025-08-21 04:57:30,2279493712609.379
2025-08-26 21:50:19,2208948766382.8164
2025-09-01 10:56:55,2171189039986.9832
2025-09-07 09:02:40,2204479631846.358
2025-09-12 23:21:12,2312855523041.6704
2025-09-18 13:56:35,2335787458157.556
2025-09-23 21:22:21,2239543326440.108
2025-09-29 13:41:15,2237297675808.5977
2025-10-05 17:22:40,2455132165932.2954
2025-10-11 19:38:37,2235457578600.264
2025-10-17 08:17:27,2159462867832.0352
2025-10-22 20:59:26,2157102089076.827
2025-10-28 09:16:35,2274063180076.8267
2025-11-03 18:37:02,2139155733174.4832
2025-11-10 01:32:06,2087754015136.7227
2025-11-15 22:17:17,1912218379230.3425
2025-11-22 09:49:38,1684801646852.3477
2025-11-27 22:43:39,1827283328868.754
2025-12-03 12:00:41,1857886764139.327
2025-12-09 08:59:10,1798182382733.207
2025-12-15 09:27:23,1786122893854.6914
2025-12-21 01:07:54,1764437482681.5144
2025-12-27 01:44:01,1748206731425.3945
2026-01-01 23:08:23,1763232272118.754
2026-01-07 21:29:57,1820037225359.8997
2026-01-13 15:25:55,1840571286895.707
2026-01-19 18:15:30,1858897833588.9363
2026-01-26 04:06:49,1736506977436.7227
2026-02-01 17:56:25,1554328348619.0144
2026-02-07 16:02:05,1380358855522.7903
2026-02-12 21:04:38,1313111632639.327
2026-02-17 16:47:37,1356784187944.5352
2026-02-23 11:07:50,1313855804388.155
