Timestamp,mempool-size
2016-06-15 14:45:00,23462260.484375
2016-06-17 23:30:00,26278467.375
2016-06-20 08:15:00,2325114.609375
2016-06-22 17:00:00,7240659.114583333
2016-06-25 01:45:00,15075077.239583334
2016-06-27 10:30:00,1537273.5364583333
2016-06-29 19:15:00,3602242.1145833335
2016-07-02 04:00:00,3453300.7291666665
2016-07-04 12:45:00,2572958.1354166665
2016-07-06 21:30:00,2595780.34375
2016-07-09 06:15:00,2653647.5677083335
2016-07-11 15:00:00,2166071.6979166665
2016-07-13 23:45:00,5309194.739583333
2016-07-16 08:30:00,2719719.1302083335
2016-07-18 17:15:00,3728645.21875
2016-07-21 02:00:00,4074346.0052083335
2016-07-23 10:45:00,5867671.34375
2016-07-25 19:30:00,2994288.4635416665
2016-07-28 04:15:00,8602560.505208334
2016-07-30 13:00:00,6624334.317708333
2016-08-01 21:45:00,3417822.71875
2016-08-04 06:30:00,4611934.807291667
2016-08-06 15:15:00,3765346.2864583335
2016-08-09 00:00:00,5912893.953125
2016-08-11 08:45:00,5337856.390625
2016-08-13 17:30:00,2273990.8177083335
2016-08-16 02:15:00,6061963.489583333
2016-08-18 11:00:00,4477948.4375
2016-08-20 19:45:00,2858163.2135416665
2016-08-23 04:30:00,2402520.1458333335
2016-08-25 13:15:00,3327368.7604166665
2016-08-27 22:00:00,3119342.0833333335
2016-08-30 06:45:00,3361615.5989583335
2016-09-01 15:30:00,2635025.1302083335
2016-09-04 00:15:00,3046502.6875
2016-09-06 09:00:00,6416313.020833333
2016-09-08 17:45:00,3356390.734375
2016-09-11 02:30:00,2098480.203125
2016-09-13 11:15:00,3467546.0833333335
2016-09-15 20:00:00,3599915.4635416665
2016-09-18 04:45:00,5226806.869791667
2016-09-20 13:30:00,3981861.234375
2016-09-22 22:15:00,2570421.4375
2016-09-25 07:00:00,1782919.2239583333
2016-09-27 15:45:00,2854288.9479166665
2016-09-30 00:30:00,3453548.0104166665
2016-10-02 09:15:00,2726975.7447916665
2016-10-04 18:00:00,4495545.989583333
2016-10-07 02:45:00,3247720.484375
2016-10-09 11:30:00,2027710.1979166667
2016-10-11 20:15:00,7993205.265625
2016-10-14 05:00:00,5835219.432291667
2016-10-16 13:45:00,2795089.7291666665
2016-10-18 22:30:00,5861162.953125
2016-10-21 07:15:00,6919011.666666667
2016-10-23 16:00:00,2277900.3020833335
2016-10-26 00:45:00,9291131.401041666
2016-10-28 09:30:00,9676657.989583334
2016-10-30 18:15:00,2627053.4791666665
2016-11-02 03:00:00,4075251.6510416665
2016-11-04 11:45:00,4074365.0416666665
2016-11-06 20:30:00,2350252.4479166665
2016-11-09 05:15:00,3651411.9010416665
2016-11-11 14:00:00,2469484.9427083335
2016-11-13 22:45:00,3167072.125
2016-11-16 07:30:00,3258662.2135416665
2016-11-18 16:15:00,6034467.796875
2016-11-21 01:00:00,5131304.828125
2016-11-23 09:45:00,31349956.630208332
2016-11-25 18:30:00,29093246.265625
2016-11-28 03:15:00,4515962.265625
2016-11-30 12:00:00,4838237.494791667
2016-12-02 20:45:00,25477667.416666668
2016-12-05 05:30:00,6203310.109375
2016-12-07 14:15:00,7719834.78125
2016-12-09 23:00:00,6789002.734375
2016-12-12 07:45:00,3072811.1979166665
2016-12-14 16:30:00,5994991.505208333
2016-12-17 01:15:00,13397140.567708334
2016-12-19 10:00:00,8483447.4375
2016-12-21 18:45:00,12844104.796875
2016-12-24 03:30:00,10056881.53125
2016-12-26 12:15:00,3206478.8489583335
2016-12-28 21:00:00,3886112.2916666665
2016-12-31 05:45:00,4035667.5625
2017-01-02 14:30:00,7512465.520833333
2017-01-04 23:15:00,8175826.442708333
2017-01-07 08:00:00,21265042.791666668
2017-01-09 16:45:00,7663551.572916667
2017-01-12 01:30:00,11779768.03125
2017-01-14 10:15:00,5320009.036458333
2017-01-16 19:00:00,3246299.6302083335
2017-01-19 03:45:00,4448635.885416667
2017-01-21 12:30:00,2106097.421875
2017-01-23 21:15:00,6019266.276041667
2017-01-26 06:00:00,24953861.046875
2017-01-28 14:45:00,3423918.8802083335
2017-01-30 23:30:00,15783625.921875
2017-02-02 08:15:00,13416872.0625
2017-02-04 17:00:00,25150248.161458332
2017-02-07 01:45:00,29088500.484375
2017-02-09 10:30:00,36239792.28125
2017-02-11 19:15:00,19441809.34375
2017-02-14 04:00:00,10074911.046875
2017-02-16 12:45:00,14227931.828125
2017-02-18 21:30:00,20305096.973958332
2017-02-21 06:15:00,20927364.942708332
2017-02-23 15:00:00,58972114.697916664
2017-02-25 23:45:00,42499266.848958336
2017-02-28 08:30:00,24983547.921875
2017-03-02 17:15:00,50554085.515625
2017-03-05 02:00:00,57674481.739583336
2017-03-07 10:45:00,58902134.651041664
2017-03-09 19:30:00,52477284.78125
2017-03-12 04:15:00,53643832.005208336
2017-03-14 13:00:00,26009294.963541668
2017-03-16 21:45:00,29304311.234375
2017-03-19 06:30:00,12101029.260416666
2017-03-21 15:15:00,8784893.276041666
2017-03-24 00:00:00,8470402.463541666
2017-03-26 08:45:00,3857945.2395833335
2017-03-28 17:30:00,12584102.03125
2017-03-31 02:15:00,5303233.442708333
2017-04-02 11:00:00,6514689.4375
2017-04-04 19:45:00,13024644.375
2017-04-07 04:30:00,12832254.838541666
2017-04-09 13:15:00,12469629.682291666
2017-04-11 22:00:00,9225723.796875
2017-04-14 06:45:00,34174827.432291664
2017-04-16 15:30:00,10167370.442708334
2017-04-19 00:15:00,14646027.953125
2017-04-21 09:00:00,26846581.875
2017-04-23 17:45:00,21737901.322916668
2017-04-26 02:30:00,32021248.223958332
2017-04-28 11:15:00,36655079.885416664
2017-04-30 20:00:00,16390050.177083334
2017-05-03 04:45:00,30326779.479166668
2017-05-05 13:30:00,64112973.723958336
2017-05-07 22:15:00,58133311.489583336
2017-05-10 07:00:00,64922998.484375
2017-05-12 15:45:00,111742143.109375
2017-05-15 00:30:00,92896522.46354167
2017-05-17 09:15:00,104150937.609375
2017-05-19 18:00:00,91071494.91666667
2017-05-22 02:45:00,101336190.515625
2017-05-24 11:30:00,108429496.00520833
2017-05-26 20:15:00,107973363.02604167
2017-05-29 05:00:00,95985110.5625
2017-05-31 13:45:00,102184978.89583333
2017-06-02 22:30:00,100797362.57291667
2017-06-05 07:15:00,75949486.71354167
2017-06-07 16:00:00,72365989.31770833
2017-06-10 00:45:00,54663460.239583336
2017-06-12 09:30:00,43809910.854166664
2017-06-14 18:15:00,59495952.645833336
2017-06-17 03:00:00,46438500.317708336
2017-06-19 11:45:00,19895842.541666668
2017-06-21 20:30:00,26440701.3125
2017-06-24 05:15:00,14839509.354166666
2017-06-26 14:00:00,14958078.619791666
2017-06-28 22:45:00,15874042.5625
2017-07-01 07:30:00,15754710.515625
2017-07-03 16:15:00,4102338.171875
2017-07-06 01:00:00,10737787.541666666
2017-07-08 09:45:00,15063513.020833334
2017-07-10 18:30:00,5173193.0
2017-07-13 03:15:00,17714848.916666668
2017-07-15 12:00:00,35208700.380208336
2017-07-17 20:45:00,31290210.234375
2017-07-20 05:30:00,32251376.255208332
2017-07-22 14:15:00,28122561.171875
2017-07-24 23:00:00,13727424.921875
2017-07-27 07:45:00,16730864.786458334
2017-07-29 16:30:00,4483216.953125
2017-08-01 01:15:00,5710166.71875
2017-08-03 10:00:00,9868427.4375
2017-08-05 18:45:00,13867210.411458334
2017-08-08 03:30:00,33281143.989583332
2017-08-10 12:15:00,43435315.421875
2017-08-12 21:00:00,29747657.890625
2017-08-15 05:45:00,43583978.473958336
2017-08-17 14:30:00,56385003.390625
2017-08-19 23:15:00,48401577.265625
2017-08-22 08:00:00,66337200.932291664
2017-08-24 16:45:00,74115307.13541667
2017-08-27 01:30:00,98051270.46354167
2017-08-29 10:15:00,66329349.052083336
2017-08-31 19:00:00,20494530.578125
2017-09-03 03:45:00,6922750.963541667
2017-09-05 12:30:00,8628687.229166666
2017-09-07 21:15:00,6498203.796875
2017-09-10 06:00:00,6080409.161458333
2017-09-12 14:45:00,7519161.791666667
2017-09-14 23:30:00,10924291.317708334
2017-09-17 08:15:00,4452383.817708333
2017-09-19 17:00:00,15618829.838541666
2017-09-22 01:45:00,5624089.552083333
2017-09-24 10:30:00,4768629.364583333
2017-09-26 19:15:00,11653186.604166666
2017-09-29 04:00:00,7320639.28125
2017-10-01 12:45:00,10009778.567708334
2017-10-03 21:30:00,11160322.828125
2017-10-06 06:15:00,13060801.015625
2017-10-08 15:00:00,8467383.84375
2017-10-10 23:45:00,10764640.635416666
2017-10-13 08:30:00,20506281.776041668
2017-10-15 17:15:00,15557261.109375
2017-10-18 02:00:00,10266421.630208334
2017-10-20 10:45:00,26179944.432291668
2017-10-22 19:30:00,38017068.3125
2017-10-25 04:15:00,42058831.666666664
2017-10-27 13:00:00,15795805.8125
2017-10-29 21:45:00,29583053.671875
2017-11-01 06:30:00,31253982.296875
2017-11-03 15:15:00,51812942.833333336
2017-11-06 00:00:00,43017789.010416664
2017-11-08 08:45:00,45212727.265625
2017-11-10 17:30:00,68985410.28125
2017-11-13 02:15:00,98598850.00520833
2017-11-15 11:00:00,102330359.86458333
2017-11-17 19:45:00,91747315.48958333
2017-11-20 04:30:00,63010605.921875
2017-11-22 13:15:00,68157498.69791667
2017-11-24 22:00:00,67817909.36979167
2017-11-27 06:45:00,61439210.046875
2017-11-29 15:30:00,88271629.88541667
2017-12-02 00:15:00,98261722.58333333
2017-12-04 09:00:00,81000121.22395833
2017-12-06 17:45:00,93792876.6875
2017-12-09 02:30:00,86189607.26041667
2017-12-11 11:15:00,97128428.53125
2017-12-13 20:00:00,114689001.38020833
2017-12-16 04:45:00,106681661.30208333
2017-12-18 13:30:00,114598524.30208333
2017-12-20 22:15:00,104989813.43229167
2017-12-23 07:00:00,105145090.609375
2017-12-25 15:45:00,118575897.46875
2017-12-28 00:30:00,114297297.09375
2017-12-30 09:15:00,111297490.41666667
2018-01-01 18:00:00,113412669.78125
2018-01-04 02:45:00,115193886.21354167
2018-01-06 11:30:00,103557253.203125
2018-01-08 20:15:00,110860839.71354167
2018-01-11 05:00:00,135496286.078125
2018-01-13 13:45:00,131059321.53125
2018-01-15 22:30:00,122168504.13541667
2018-01-18 07:15:00,118298417.09895833
2018-01-20 16:00:00,99504119.140625
2018-01-23 00:45:00,127189574.828125
2018-01-25 09:30:00,119836177.41666667
2018-01-27 18:15:00,85962716.890625
2018-01-30 03:00:00,54668583.932291664
2018-02-01 11:45:00,51906551.328125
2018-02-03 20:30:00,46358930.671875
2018-02-06 05:15:00,17555108.807291668
2018-02-08 14:00:00,23927256.104166668
2018-02-10 22:45:00,33979106.026041664
2018-02-13 07:30:00,20374790.21875
2018-02-15 16:15:00,29205123.166666668
2018-02-18 01:00:00,34766347.213541664
2018-02-20 09:45:00,24792977.885416668
2018-02-22 18:30:00,10477722.359375
2018-02-25 03:15:00,61890166.8125
2018-02-27 12:00:00,70937992.88020833
2018-03-01 20:45:00,35037476.15625
2018-03-04 05:30:00,32815673.432291668
2018-03-06 14:15:00,24055766.244791668
2018-03-08 23:00:00,20333054.984375
2018-03-11 07:45:00,13543839.6875
2018-03-13 16:30:00,3963103.5
2018-03-16 01:15:00,1261893.2760416667
2018-03-18 10:00:00,620530.21875
2018-03-20 18:45:00,1683545.0520833333
2018-03-23 03:30:00,1184114.234375
2018-03-25 12:15:00,635963.1197916666
2018-03-27 21:00:00,3066363.5052083335
2018-03-30 05:45:00,833502.9375
2018-04-01 14:30:00,1062252.515625
2018-04-03 23:15:00,1090869.234375
2018-04-06 08:00:00,790414.1979166666
2018-04-08 16:45:00,525425.1197916666
2018-04-11 01:30:00,783007.3177083334
2018-04-13 10:15:00,3075462.7708333335
2018-04-15 19:00:00,11060177.427083334
2018-04-18 03:45:00,2162994.5
2018-04-20 12:30:00,1234311.4635416667
2018-04-22 21:15:00,653045.9583333334
2018-04-25 06:00:00,1908461.7083333333
2018-04-27 14:45:00,2047297.5885416667
2018-04-29 23:30:00,824998.7604166666
2018-05-02 08:15:00,1011590.140625
2018-05-04 17:00:00,5104944.890625
2018-05-07 01:45:00,1504319.3489583333
2018-05-09 10:30:00,2029258.453125
2018-05-11 19:15:00,6750365.125
2018-05-14 04:00:00,1119437.2604166667
2018-05-16 12:45:00,1666251.5833333333
2018-05-18 21:30:00,2810644.3958333335
2018-05-21 06:15:00,660207.3020833334
2018-05-23 15:00:00,1427707.0833333333
2018-05-25 23:45:00,1503507.4375
2018-05-28 08:30:00,618110.953125
2018-05-30 17:15:00,1745242.2864583333
2018-06-02 02:00:00,1243583.3541666667
2018-06-04 10:45:00,28844465.46875
2018-06-06 19:30:00,11131595.3125
2018-06-09 04:15:00,1938319.3020833333
2018-06-11 13:00:00,1138001.1822916667
2018-06-13 21:45:00,5676056.34375
2018-06-16 06:30:00,1057866.4479166667
2018-06-18 15:15:00,630030.8645833334
2018-06-21 00:00:00,14204880.322916666
2018-06-23 08:45:00,2097803.921875
2018-06-25 17:30:00,1786798.1666666667
2018-06-28 02:15:00,15842086.515625
2018-06-30 11:00:00,1315539.3645833333
2018-07-02 19:45:00,4939618.072916667
2018-07-05 04:30:00,1663441.765625
2018-07-07 13:15:00,590510.2135416666
2018-07-09 22:00:00,8580463.885416666
2018-07-12 06:45:00,14227676.427083334
2018-07-14 15:30:00,43448774.229166664
2018-07-17 00:15:00,2822646.7864583335
2018-07-19 09:00:00,7106076.760416667
2018-07-21 17:45:00,1579231.2552083333
2018-07-24 02:30:00,2743016.1302083335
2018-07-26 11:15:00,4233489.572916667
2018-07-28 20:00:00,1453537.7864583333
2018-07-31 04:45:00,1940882.8177083333
2018-08-02 13:30:00,6209636.552083333
2018-08-04 22:15:00,563511.4583333334
2018-08-07 07:00:00,12719091.520833334
2018-08-09 15:45:00,1976349.9375
2018-08-12 00:30:00,775767.5572916666
2018-08-14 09:15:00,1810494.0260416667
2018-08-16 18:00:00,1655300.484375
2018-08-19 02:45:00,726552.3177083334
2018-08-21 11:30:00,2530513.0729166665
2018-08-23 20:15:00,1200682.0520833333
2018-08-26 05:00:00,744042.90625
2018-08-28 13:45:00,2511275.875
2018-08-30 22:30:00,2274789.140625
2018-09-02 07:15:00,892466.3802083334
2018-09-04 16:00:00,3696455.0520833335
2018-09-07 00:45:00,2470378.9583333335
2018-09-09 09:30:00,921989.1145833334
2018-09-11 18:15:00,3214773.1666666665
2018-09-14 03:00:00,1529477.6614583333
2018-09-16 11:45:00,665259.171875
2018-09-18 20:30:00,1293929.3697916667
2018-09-21 05:15:00,1449276.7395833333
2018-09-23 14:00:00,864474.4375
2018-09-25 22:45:00,2123522.0625
2018-09-28 07:30:00,2489042.2135416665
2018-09-30 16:15:00,789137.1354166666
2018-10-03 01:00:00,4498825.302083333
2018-10-05 09:45:00,1256836.4479166667
2018-10-07 18:30:00,1173970.96875
2018-10-10 03:15:00,1590420.078125
2018-10-12 12:00:00,1899901.78125
2018-10-14 20:45:00,1718939.0
2018-10-17 05:30:00,3951007.109375
2018-10-19 14:15:00,2761307.9375
2018-10-21 23:00:00,1221542.6927083333
2018-10-24 07:45:00,4008683.3854166665
2018-10-26 16:30:00,3339916.9322916665
2018-10-29 01:15:00,1215493.9791666667
2018-10-31 10:00:00,1944801.5833333333
2018-11-02 18:45:00,5208914.828125
2018-11-05 03:30:00,3976918.453125
2018-11-07 12:15:00,7581822.958333333
2018-11-09 21:00:00,4545636.0
2018-11-12 05:45:00,1361044.0260416667
2018-11-14 14:30:00,4497007.005208333
2018-11-16 23:15:00,5963891.859375
2018-11-19 08:00:00,2204232.734375
2018-11-21 16:45:00,22821339.994791668
2018-11-24 01:30:00,3141557.3802083335
2018-11-26 10:15:00,3356681.8802083335
2018-11-28 19:00:00,4268970.458333333
2018-12-01 03:45:00,9444979.265625
2018-12-03 12:30:00,2167855.0416666665
2018-12-05 21:15:00,3064677.1145833335
2018-12-08 06:00:00,4621749.036458333
2018-12-10 14:45:00,2522096.078125
2018-12-12 23:30:00,4281524.302083333
2018-12-15 08:15:00,3126308.7552083335
2018-12-17 17:00:00,2275028.25
2018-12-20 01:45:00,3445356.796875
2018-12-22 10:30:00,2335859.25
2018-12-24 19:15:00,2334056.234375
2018-12-27 04:00:00,1479248.890625
2018-12-29 12:45:00,1372069.4583333333
2018-12-31 21:30:00,1089284.46875
2019-01-03 06:15:00,2033609.984375
2019-01-05 15:00:00,1279352.9427083333
2019-01-07 23:45:00,2160462.765625
2019-01-10 08:30:00,2333311.4375
2019-01-12 17:15:00,1287722.5625
2019-01-15 02:00:00,1619510.3489583333
2019-01-17 10:45:00,2839602.6927083335
2019-01-19 19:30:00,1324882.7604166667
2019-01-22 04:15:00,1248229.7760416667
2019-01-24 13:00:00,5258258.942708333
2019-01-26 21:45:00,1746676.953125
2019-01-29 06:30:00,4739503.71875
2019-01-31 15:15:00,2474077.9166666665
2019-02-03 00:00:00,1520594.4375
2019-02-05 08:45:00,1579654.0989583333
2019-02-07 17:30:00,2152195.578125
2019-02-10 02:15:00,1673804.7604166667
2019-02-12 11:00:00,17831010.578125
2019-02-14 19:45:00,1699095.5729166667
2019-02-17 04:30:00,1450164.0885416667
2019-02-19 13:15:00,3370871.9375
2019-02-21 22:00:00,5627084.958333333
2019-02-24 06:45:00,2674239.4895833335
2019-02-26 15:30:00,5864389.708333333
2019-03-01 00:15:00,4760274.40625
2019-03-03 09:00:00,3181156.015625
2019-03-05 17:45:00,3361455.875
2019-03-08 02:30:00,4242194.729166667
2019-03-10 11:15:00,1572987.125
2019-03-12 20:00:00,3164853.0989583335
2019-03-15 04:45:00,1509015.265625
2019-03-17 13:30:00,808478.515625
2019-03-19 22:15:00,1570530.9427083333
2019-03-22 07:00:00,2461102.140625
2019-03-24 15:45:00,796645.625
2019-03-27 00:30:00,7715393.078125
2019-03-29 09:15:00,17794995.083333332
2019-03-31 18:00:00,15136603.296875
2019-04-03 02:45:00,33264446.364583332
2019-04-05 11:30:00,36833300.963541664
2019-04-07 20:15:00,6418299.442708333
2019-04-10 05:00:00,8767241.317708334
2019-04-12 13:45:00,5331069.598958333
2019-04-14 22:30:00,3243730.609375
2019-04-17 07:15:00,10144712.385416666
2019-04-19 16:00:00,10292951.963541666
2019-04-22 00:45:00,4704466.255208333
2019-04-24 09:30:00,25747729.114583332
2019-04-26 18:15:00,12708704.052083334
2019-04-29 03:00:00,1926590.3333333333
2019-05-01 11:45:00,9006584.317708334
2019-05-03 20:30:00,6544958.385416667
2019-05-06 05:15:00,5001195.276041667
2019-05-08 14:00:00,12662868.776041666
2019-05-10 22:45:00,19039896.619791668
2019-05-13 07:30:00,11032489.104166666
2019-05-15 16:15:00,23616575.239583332
2019-05-18 01:00:00,41767479.088541664
2019-05-20 09:45:00,2600408.3177083335
2019-05-22 18:30:00,11583269.614583334
2019-05-25 03:15:00,10723508.84375
2019-05-27 12:00:00,2865415.09375
2019-05-29 20:45:00,4048111.5677083335
2019-06-01 05:30:00,26126464.885416668
2019-06-03 14:15:00,8978838.666666666
2019-06-05 23:00:00,5222663.947916667
2019-06-08 07:45:00,6452745.802083333
2019-06-10 16:30:00,2668585.4166666665
2019-06-13 01:15:00,9121322.776041666
2019-06-15 10:00:00,15151908.911458334
2019-06-17 18:45:00,14580034.911458334
2019-06-20 03:30:00,5018069.911458333
2019-06-22 12:15:00,27671942.875
2019-06-24 21:00:00,5663071.526041667
2019-06-27 05:45:00,29946992.244791668
2019-06-29 14:30:00,21559771.130208332
2019-07-01 23:15:00,9793500.130208334
2019-07-04 08:00:00,4448887.947916667
2019-07-06 16:45:00,2162616.5104166665
2019-07-09 01:30:00,6639074.010416667
2019-07-11 10:15:00,21308252.208333332
2019-07-13 19:15:00,3741985.1770833335
2019-07-16 04:00:00,5838524.885416667
2019-07-18 12:45:00,31676604.348958332
2019-07-20 22:00:00,11102113.03125
2019-07-23 06:45:00,4369056.359375
2019-07-25 15:30:00,5584474.677083333
2019-07-28 00:15:00,1374624.8854166667
2019-07-30 09:00:00,2032538.1666666667
2019-08-01 17:45:00,2768520.5104166665
2019-08-04 02:30:00,1059376.0520833333
2019-08-06 11:15:00,5422736.489583333
2019-08-08 20:00:00,12749678.458333334
2019-08-11 04:45:00,1185498.171875
2019-08-13 13:30:00,10957424.125
2019-08-15 22:15:00,3011359.5729166665
2019-08-18 07:00:00,1772751.8958333333
2019-08-20 15:45:00,2199929.4375
2019-08-23 00:30:00,5219522.09375
2019-08-25 09:15:00,1751340.2083333333
2019-08-27 18:00:00,4244195.489583333
2019-08-30 02:45:00,2191040.3802083335
2019-09-01 11:30:00,959544.1875
2019-09-03 20:15:00,3149111.6875
2019-09-06 05:00:00,2813784.828125
2019-09-08 13:45:00,946364.0260416666
2019-09-10 22:30:00,2031296.7552083333
2019-09-13 07:15:00,1468296.6770833333
2019-09-15 16:00:00,2447955.0052083335
2019-09-18 00:45:00,3508992.2708333335
2019-09-20 09:30:00,2246454.6041666665
2019-09-22 18:15:00,1011087.9010416666
2019-09-25 03:00:00,3061532.7552083335
2019-09-27 11:45:00,1893599.484375
2019-09-29 20:30:00,1023309.1197916666
2019-10-02 05:15:00,2473581.265625
2019-10-04 14:00:00,2973545.6770833335
2019-10-06 22:45:00,1044407.9114583334
2019-10-09 07:30:00,1802266.6354166667
2019-10-11 16:15:00,1171666.1041666667
2019-10-14 01:00:00,1393325.7552083333
2019-10-16 09:45:00,2447651.4010416665
2019-10-18 18:30:00,2358872.8489583335
2019-10-21 03:15:00,824852.5260416666
2019-10-23 12:00:00,2097679.3958333335
2019-10-25 20:45:00,5851852.520833333
2019-10-28 05:30:00,3604547.796875
2019-10-30 14:15:00,2628179.2395833335
2019-11-01 23:00:00,6312500.96875
2019-11-04 07:45:00,2232856.5520833335
2019-11-06 16:30:00,4774312.390625
2019-11-09 01:15:00,4250216.989583333
2019-11-11 10:00:00,1246085.8541666667
2019-11-13 18:45:00,7614849.5625
2019-11-16 03:30:00,76431252.90104167
2019-11-18 12:15:00,3928609.828125
2019-11-20 21:00:00,2162741.0104166665
2019-11-23 05:45:00,5585279.447916667
2019-11-25 14:30:00,2727670.1354166665
2019-11-27 23:15:00,3898681.734375
2019-11-30 08:00:00,5855207.5625
2019-12-02 16:45:00,1298227.7552083333
2019-12-05 01:30:00,1342687.15625
2019-12-07 10:15:00,2946922.9583333335
2019-12-09 19:00:00,2908255.265625
2019-12-12 03:45:00,2744146.25
2019-12-14 12:30:00,1497964.921875
2019-12-16 21:15:00,3298032.7083333335
2019-12-19 06:00:00,3583914.5625
2019-12-21 14:45:00,1231379.1822916667
2019-12-23 23:30:00,2896111.3541666665
2019-12-26 08:15:00,1001645.0677083334
2019-12-28 17:00:00,1167988.9010416667
2019-12-31 01:45:00,1297251.1770833333
2020-01-02 10:30:00,777008.4635416666
2020-01-04 19:15:00,1084861.3072916667
2020-01-07 04:00:00,3952284.3333333335
2020-01-09 12:45:00,5383335.28125
2020-01-11 21:30:00,1126049.1041666667
2020-01-14 06:15:00,6117450.822916667
2020-01-16 15:00:00,3005954.96875
2020-01-18 23:45:00,2166016.5989583335
2020-01-21 08:30:00,1445216.03125
2020-01-23 17:15:00,2108599.5833333335
2020-01-26 02:00:00,1220781.6822916667
2020-01-28 10:45:00,8589121.1875
2020-01-30 19:30:00,2364094.8645833335
2020-02-02 04:15:00,3995117.6770833335
2020-02-04 13:00:00,3456038.2916666665
2020-02-06 21:45:00,8567006.03125
2020-02-09 06:30:00,1505548.0833333333
2020-02-11 15:15:00,9849263.333333334
2020-02-14 00:30:00,6942217.442708333
2020-02-16 09:15:00,1613246.4739583333
2020-02-18 18:00:00,2213674.7864583335
2020-02-21 02:45:00,5593585.9375
2020-02-23 11:30:00,1297454.7239583333
2020-02-25 20:15:00,3713955.1197916665
2020-02-28 05:00:00,2848259.125
2020-03-01 13:45:00,1654940.3229166667
2020-03-03 22:30:00,3808931.9322916665
2020-03-06 07:15:00,2303365.0989583335
2020-03-08 16:00:00,931251.9166666666
2020-03-11 00:45:00,5815394.453125
2020-03-13 09:30:00,14755560.942708334
2020-03-15 20:15:00,2569506.2552083335
2020-03-18 05:00:00,8280460.942708333
2020-03-20 13:45:00,13615842.255208334
2020-03-22 22:30:00,1156551.328125
2020-03-25 07:15:00,2976974.0416666665
2020-03-27 16:30:00,6907249.567708333
2020-03-30 01:15:00,847632.4895833334
2020-04-01 10:00:00,3462520.15625
2020-04-03 18:45:00,4849902.984375
2020-04-06 03:30:00,1438777.3645833333
2020-04-08 12:15:00,2869472.2552083335
2020-04-10 21:00:00,2178857.0572916665
2020-04-13 05:45:00,1186957.75
2020-04-15 14:30:00,5092551.041666667
2020-04-17 23:15:00,9665889.489583334
2020-04-20 08:00:00,1155031.6197916667
2020-04-22 16:45:00,4536228.807291667
2020-04-25 01:30:00,21870942.484375
2020-04-27 10:15:00,2307457.3385416665
2020-04-29 19:00:00,5261482.192708333
2020-05-02 03:45:00,59752555.838541664
2020-05-04 12:30:00,3508343.1145833335
2020-05-06 21:15:00,5313469.864583333
2020-05-09 06:00:00,44324572.833333336
2020-05-11 14:45:00,14260683.671875
2020-05-13 23:30:00,27389410.703125
2020-05-16 08:15:00,65287342.255208336
2020-05-18 17:00:00,63781330.244791664
2020-05-21 01:45:00,86411829.58333333
2020-05-23 10:30:00,89536862.46875
2020-05-25 19:15:00,63816230.536458336
2020-05-28 04:00:00,45792335.932291664
2020-05-30 12:45:00,20395433.625
2020-06-01 21:30:00,6319081.682291667
2020-06-04 06:15:00,17198445.838541668
2020-06-06 15:00:00,1836211.9427083333
2020-06-08 23:45:00,8653669.109375
2020-06-11 08:30:00,8329662.479166667
2020-06-13 17:15:00,7439136.71875
2020-06-16 02:00:00,9286868.807291666
2020-06-18 10:45:00,4761900.114583333
2020-06-20 19:30:00,3083944.8541666665
2020-06-23 04:15:00,19586105.510416668
2020-06-25 13:00:00,13409844.208333334
2020-06-27 21:45:00,3337844.2552083335
2020-06-30 06:30:00,8448341.34375
2020-07-02 15:15:00,6290158.567708333
2020-07-05 00:00:00,1943064.203125
2020-07-07 08:45:00,3957008.9114583335
2020-07-09 17:30:00,8942876.348958334
2020-07-12 02:15:00,2336350.625
2020-07-14 11:00:00,22901250.864583332
2020-07-16 19:45:00,24340533.75
2020-07-19 04:30:00,40333028.526041664
2020-07-21 13:15:00,41078960.927083336
2020-07-23 22:00:00,69643169.83333333
2020-07-26 06:45:00,46932106.5625
2020-07-28 15:30:00,48142286
2020-07-31 00:15:00,56668420.703125
2020-08-02 09:00:00,62347460.6875
2020-08-04 17:45:00,33162463.619791668
2020-08-07 02:30:00,44817543.713541664
2020-08-09 11:15:00,24767484.739583332
2020-08-11 20:00:00,15162482.21875
2020-08-14 04:45:00,8797294.958333334
2020-08-16 13:30:00,5251464.411458333
2020-08-18 22:15:00,31100477.588541668
2020-08-21 07:00:00,20925863.864583332
2020-08-23 15:45:00,13875694.510416666
2020-08-26 00:30:00,30400723.765625
2020-08-28 09:15:00,44645954.864583336
2020-08-30 18:00:00,16381680.677083334
2020-09-02 02:45:00,21248255.53125
2020-09-04 11:30:00,47134025.541666664
2020-09-06 20:15:00,27523148.1875
2020-09-09 05:00:00,3685147.2760416665
2020-09-11 13:45:00,13355176.828125
2020-09-13 22:30:00,1390835.015625
2020-09-16 07:15:00,14757242.052083334
2020-09-18 16:00:00,3624103.5572916665
2020-09-21 00:45:00,2125218.703125
2020-09-23 09:30:00,29937155.859375
2020-09-25 18:15:00,27299862.265625
2020-09-28 03:00:00,1612188.8489583333
2020-09-30 11:45:00,17515364.786458332
2020-10-02 20:30:00,43098791.557291664
2020-10-05 05:15:00,2006076.1458333333
2020-10-07 14:00:00,20110701.145833332
2020-10-09 22:45:00,16846997.734375
2020-10-12 07:30:00,1895329.875
2020-10-14 16:15:00,7172545.28125
2020-10-17 01:00:00,6515465.036458333
2020-10-19 09:45:00,5906540.317708333
2020-10-21 18:30:00,21134455.098958332
2020-10-24 03:15:00,43833547.104166664
2020-10-26 12:00:00,15541284.020833334
2020-10-28 20:45:00,66200009.348958336
2020-10-31 05:30:00,66722762.125
2020-11-02 14:15:00,58225692.838541664
2020-11-04 23:00:00,62414234.286458336
2020-11-07 07:45:00,72095590.953125
2020-11-09 16:30:00,25031679.5625
2020-11-12 01:15:00,5473042.28125
2020-11-14 10:00:00,7530322.052083333
2020-11-16 18:45:00,8980853.666666666
2020-11-19 03:30:00,6839866.322916667
2020-11-21 12:15:00,6260764.666666667
2020-11-23 21:00:00,6925062.041666667
2020-11-26 05:45:00,33177945.729166668
2020-11-28 14:30:00,27176403.619791668
2020-11-30 23:15:00,17916514.28125
2020-12-03 08:00:00,43096421.598958336
2020-12-05 16:45:00,38219746.979166664
2020-12-08 01:30:00,9117367.822916666
2020-12-10 10:15:00,17530098.135416668
2020-12-12 19:00:00,21328702.135416668
2020-12-15 03:45:00,8817099.932291666
2020-12-17 12:30:00,43135242.354166664
2020-12-19 21:15:00,43814012.963541664
2020-12-22 06:00:00,37866930.682291664
2020-12-24 14:45:00,58266498.15625
2020-12-26 23:30:00,40536599.270833336
2020-12-29 08:15:00,46692709.765625
2020-12-31 17:00:00,52934915.671875
2021-01-03 01:45:00,17412430.364583332
2021-01-05 10:30:00,19917934.046875
2021-01-07 19:15:00,36950658.666666664
2021-01-10 04:00:00,86433985.81770833
2021-01-12 12:45:00,82283560.76041667
2021-01-14 21:30:00,84836503.94791667
2021-01-17 06:15:00,80359370.21875
2021-01-19 15:00:00,79545685.36458333
2021-01-21 23:45:00,86083150.359375
2021-01-24 08:30:00,86284618.33854167
2021-01-26 17:15:00,71388486.09375
2021-01-29 02:00:00,68186733.09375
2021-01-31 10:45:00,72184436.39583333
2021-02-02 19:30:00,79562243.52604167
2021-02-05 04:15:00,75694424.5625
2021-02-07 13:00:00,76882703.734375
2021-02-09 21:45:00,80819768.77604167
2021-02-12 06:30:00,80720310.27604167
2021-02-14 15:15:00,81759449.00520833
2021-02-17 00:00:00,84055315.765625
2021-02-19 08:45:00,79735006.5625
2021-02-21 17:30:00,79615960.33854167
2021-02-24 02:15:00,73922742.5625
2021-02-26 11:00:00,82905285.265625
2021-02-28 19:45:00,82210457.46354167
2021-03-03 04:30:00,81309448.68229167
2021-03-05 13:15:00,82640761.72916667
2021-03-07 22:00:00,91166842.984375
2021-03-10 06:45:00,90763453.015625
2021-03-12 15:30:00,76912084.08333333
2021-03-15 00:15:00,77986788.71354167
2021-03-17 09:00:00,82462347.15625
2021-03-19 17:45:00,77857165.390625
2021-03-22 02:30:00,81712090.97916667
2021-03-24 11:15:00,87313747.1875
2021-03-26 20:00:00,109583937.66145833
2021-03-29 04:45:00,84605598.44791667
2021-03-31 13:30:00,84946197.33854167
2021-04-02 22:15:00,86570620.51041667
2021-04-05 07:00:00,80736919.55208333
2021-04-07 15:45:00,87723457.453125
2021-04-10 00:30:00,83795455.96875
2021-04-12 09:15:00,81510679.61979167
2021-04-14 18:00:00,81777921.359375
2021-04-17 02:45:00,80267507.296875
2021-04-19 11:30:00,74979484.15625
2021-04-21 20:15:00,74698268.375
2021-04-24 05:00:00,72780510.59375
2021-04-26 13:45:00,85599632.23958333
2021-04-28 22:30:00,86162456.515625
2021-05-01 07:15:00,86929392.01041667
2021-05-03 16:00:00,81029836.859375
2021-05-06 00:45:00,70127435.91145833
2021-05-08 09:30:00,60128199.005208336
2021-05-10 18:15:00,41938031.395833336
2021-05-13 03:00:00,28460979.744791668
2021-05-15 11:45:00,48122823.640625
2021-05-17 20:30:00,44068834.953125
2021-05-20 05:15:00,78410458.06770833
2021-05-22 14:00:00,76041050.171875
2021-05-24 22:45:00,68385324.91666667
2021-05-27 07:30:00,79496406.703125
2021-05-29 16:15:00,66546231.291666664
2021-06-01 01:00:00,20967817.09375
2021-06-03 09:45:00,2894292.21875
2021-06-05 18:30:00,2180912.0677083335
2021-06-08 03:15:00,9118605.9375
2021-06-10 12:00:00,20566163.552083332
2021-06-12 20:45:00,27510605.958333332
2021-06-15 05:30:00,11254280.515625
2021-06-17 14:15:00,2459961.0677083335
2021-06-19 23:00:00,2753731.1822916665
2021-06-22 07:45:00,20830164.026041668
2021-06-24 16:30:00,26645266.802083332
2021-06-27 01:15:00,10114959.817708334
2021-06-29 10:00:00,32637511.520833332
2021-07-01 18:45:00,56654570.53125
2021-07-04 03:30:00,40163347
2021-07-06 12:15:00,3717776.8854166665
2021-07-08 21:00:00,2139900.4947916665
2021-07-11 05:45:00,1158431.40625
2021-07-13 14:30:00,2166195.8333333335
2021-07-15 23:15:00,3833649.5885416665
2021-07-18 08:00:00,964235.6354166666
2021-07-20 16:45:00,4754095.244791667
2021-07-23 01:30:00,1097568.734375
2021-07-25 10:15:00,777774.8958333334
2021-07-27 19:00:00,2379261.7552083335
2021-07-30 03:45:00,1407515.8541666667
2021-08-01 12:30:00,673939.7708333334
2021-08-03 21:15:00,1383538.4010416667
2021-08-06 06:00:00,973412.9427083334
2021-08-08 14:45:00,912986.0260416666
2021-08-10 23:30:00,1113582.8958333333
2021-08-13 08:15:00,1899550.015625
2021-08-15 17:00:00,599364.59375
2021-08-18 01:45:00,4768496.1875
2021-08-20 10:30:00,2121557.4947916665
2021-08-22 19:15:00,1387125.15625
2021-08-25 04:00:00,2321118.5729166665
2021-08-27 12:45:00,1143997.5677083333
2021-08-29 21:30:00,1081027.0572916667
2021-09-01 06:15:00,4465212.520833333
2021-09-03 15:00:00,3120532.4791666665
2021-09-05 23:45:00,1056951.234375
2021-09-08 08:30:00,3495254.0104166665
2021-09-10 17:15:00,3089174.3489583335
2021-09-13 02:00:00,891837.4791666666
2021-09-15 10:45:00,2538881.828125
2021-09-17 19:30:00,5168886.78125
2021-09-20 04:15:00,809074.6770833334
2021-09-22 13:00:00,3288388.1458333335
2021-09-24 21:45:00,2419108.2395833335
2021-09-27 06:30:00,1113623.8854166667
2021-09-29 15:15:00,3138337.6979166665
2021-10-02 00:00:00,8202895.510416667
2021-10-04 08:45:00,1589707.171875
2021-10-06 17:30:00,5233487.703125
2021-10-09 02:15:00,11018341.135416666
2021-10-11 11:00:00,2264240.4739583335
2021-10-13 19:45:00,3374502.6666666665
2021-10-16 04:30:00,6797928.817708333
2021-10-18 13:15:00,1093781.1979166667
2021-10-20 22:00:00,8041439.739583333
2021-10-23 06:45:00,1068532.4739583333
2021-10-25 15:30:00,1556945.015625
2021-10-28 00:15:00,1500223.5416666667
2021-10-30 09:00:00,1970038.4895833333
2021-11-01 17:45:00,2033118.8385416667
2021-11-04 02:30:00,2719246.6875
2021-11-06 11:15:00,1656754.7604166667
2021-11-08 20:00:00,9269209.442708334
2021-11-11 04:45:00,5946579.729166667
2021-11-13 13:30:00,1887100.9791666667
2021-11-15 22:15:00,2731339.0677083335
2021-11-18 07:00:00,2496326.6510416665
2021-11-20 15:45:00,2504943.3072916665
2021-11-23 00:30:00,3378126.421875
2021-11-25 09:15:00,2024500.25
2021-11-27 18:00:00,961487.8854166666
2021-11-30 02:45:00,2274135.8177083335
2021-12-02 11:30:00,28667034.515625
2021-12-04 20:15:00,1084823.2083333333
2021-12-07 05:00:00,1528459.6302083333
2021-12-09 13:45:00,30116568.052083332
2021-12-11 22:30:00,997081.640625
2021-12-14 07:15:00,2945736.7916666665
2021-12-16 16:00:00,1461684.5989583333
2021-12-19 00:45:00,4680386.911458333
2021-12-21 09:30:00,2106393.8854166665
2021-12-23 18:15:00,1225953.4114583333
2021-12-26 03:00:00,6578083.458333333
2021-12-28 11:45:00,17482199.708333332
2021-12-30 20:30:00,10857211.489583334
2022-01-02 05:15:00,517341.34375
2022-01-04 14:00:00,2805833.1927083335
2022-01-06 22:45:00,2415592.6458333335
2022-01-09 07:30:00,1532654.7916666667
2022-01-11 16:15:00,3710902.078125
2022-01-14 01:00:00,1543444.140625
2022-01-16 09:45:00,1194061.8333333333
2022-01-18 18:30:00,2158866.9166666665
2022-01-21 03:15:00,2290650.7916666665
2022-01-23 12:00:00,2063501.9166666667
2022-01-25 20:45:00,2651997.4635416665
2022-01-28 05:30:00,2048249.7447916667
2022-01-30 14:15:00,1982941.7447916667
2022-02-01 23:00:00,5566398.244791667
2022-02-04 07:45:00,1448556.2760416667
2022-02-06 16:30:00,7145087.729166667
2022-02-09 01:15:00,4082931.9739583335
2022-02-11 10:00:00,26869523.526041668
2022-02-13 18:45:00,1104051.859375
2022-02-16 03:30:00,2219181.5520833335
2022-02-18 12:15:00,2469453.796875
2022-02-20 21:00:00,790747.5
2022-02-23 05:45:00,794864.9010416666
2022-02-25 14:30:00,1923871.1354166667
2022-02-27 23:15:00,974034.390625
2022-03-02 08:00:00,11569921.765625
2022-03-04 16:45:00,2702703.7864583335
2022-03-07 01:30:00,1015603.8333333334
2022-03-09 10:15:00,1475109.75
2022-03-11 19:00:00,2211538.5572916665
2022-03-14 03:45:00,875672.1302083334
2022-03-16 12:30:00,1829187.6822916667
2022-03-18 21:15:00,1706001.21875
2022-03-21 06:00:00,840861.078125
2022-03-23 14:45:00,5711393.072916667
2022-03-25 23:30:00,2434562.7916666665
2022-03-28 08:15:00,1691686.6666666667
2022-03-30 17:00:00,2655643.5104166665
2022-04-02 01:45:00,5527289.09375
2022-04-04 10:30:00,1265302.8229166667
2022-04-06 19:15:00,3102773.2135416665
2022-04-09 04:00:00,2987293.5104166665
2022-04-11 12:45:00,1162009.1458333333
2022-04-13 21:30:00,3915518.8177083335
2022-04-16 06:15:00,917266.6458333334
2022-04-18 15:00:00,1841326.8125
2022-04-20 23:45:00,1411292.1041666667
2022-04-23 08:30:00,4529446.96875
2022-04-25 17:15:00,3147848.6354166665
2022-04-28 02:00:00,998167.46875
2022-04-30 10:45:00,5081938.59375
2022-05-02 19:30:00,2545878.609375
2022-05-05 06:45:00,22466967.192708332
2022-05-07 15:30:00,3017659.171875
2022-05-10 00:15:00,4775690.354166667
2022-05-12 09:00:00,75357261.19791667
2022-05-14 17:45:00,83622156.66666667
2022-05-17 02:30:00,32635572.885416668
2022-05-19 11:15:00,1950887.6770833333
2022-05-21 20:00:00,2001955.6145833333
2022-05-24 04:45:00,1671576.2239583333
2022-05-26 13:30:00,1731205.6302083333
2022-05-28 22:15:00,1306735.6145833333
2022-05-31 07:00:00,1525419.8333333333
2022-06-02 15:45:00,5571429.166666667
2022-06-05 00:30:00,1248879.7760416667
2022-06-07 09:15:00,2003860.8072916667
2022-06-09 18:00:00,988545.9791666666
2022-06-12 02:45:00,1132958.828125
2022-06-14 11:30:00,22673182.09375
2022-06-16 20:15:00,4481346.703125
2022-06-19 05:00:00,1630630.6458333333
2022-06-21 13:45:00,3443297.5208333335
2022-06-23 22:30:00,1140981.1979166667
2022-06-26 07:15:00,14763162.34375
2022-06-28 16:00:00,7819178.161458333
2022-07-01 00:45:00,2671139.7239583335
2022-07-03 09:30:00,987963.3645833334
2022-07-05 18:15:00,4299526.109375
2022-07-08 03:00:00,1874618.390625
2022-07-10 11:45:00,1708213.3802083333
2022-07-12 20:30:00,3325826.5989583335
2022-07-15 05:15:00,6754581.635416667
2022-07-17 14:00:00,1437526.1979166667
2022-07-19 22:45:00,3602145.328125
2022-07-22 07:30:00,1946694.4322916667
2022-07-24 16:15:00,846499.8645833334
2022-07-27 01:00:00,1492885.28125
2022-07-29 09:45:00,2604311.8958333335
2022-07-31 18:30:00,1729167.6614583333
2022-08-03 03:15:00,2639284.65625
2022-08-05 12:00:00,3798489.7447916665
2022-08-07 20:45:00,1183927.796875
2022-08-10 05:30:00,5047706.171875
2022-08-12 15:00:00,2380323.9583333335
2022-08-14 23:45:00,1322870.7135416667
2022-08-17 08:30:00,2099360.921875
2022-08-19 17:15:00,1470290.1666666667
2022-08-22 02:00:00,1121990.03125
2022-08-24 10:45:00,1498978.5104166667
2022-08-26 19:30:00,1680497.2916666667
2022-08-29 04:15:00,1449592.1666666667
2022-08-31 13:00:00,1672257.125
2022-09-02 21:45:00,5796395.5
2022-09-05 06:30:00,731487.4739583334
2022-09-07 15:15:00,2971268.4270833335
2022-09-10 00:00:00,3019118.546875
2022-09-12 08:45:00,1173374.0104166667
2022-09-14 17:30:00,4243919.869791667
2022-09-17 02:15:00,5687589.786458333
2022-09-19 11:00:00,1011947.5677083334
2022-09-21 19:45:00,2863450.7291666665
2022-09-24 04:30:00,2476790.390625
2022-09-26 13:15:00,1800566.9166666667
2022-09-28 22:00:00,1424996.4947916667
2022-10-01 06:45:00,1551870.4010416667
2022-10-03 15:30:00,1400211.15625
2022-10-06 00:15:00,1222892.9739583333
2022-10-08 09:00:00,1063709.328125
2022-10-10 17:45:00,1039220.03125
2022-10-13 02:30:00,2250460.078125
2022-10-15 11:15:00,3349092.1822916665
2022-10-17 20:00:00,3033201.203125
2022-10-20 04:45:00,6603039.557291667
2022-10-22 13:30:00,1497779.0520833333
2022-10-24 22:15:00,3678534.1458333335
2022-10-27 07:00:00,2022497.7864583333
2022-10-29 15:45:00,2373954.9375
2022-11-01 00:30:00,1196683.1145833333
2022-11-03 09:15:00,5463096.401041667
2022-11-05 18:00:00,3610171.6666666665
2022-11-08 02:45:00,2781665.2864583335
2022-11-10 11:30:00,3739583.9791666665
2022-11-12 20:15:00,2460156.25
2022-11-15 05:00:00,60272444.098958336
2022-11-17 13:45:00,101506711.30208333
2022-11-19 22:30:00,46119810.942708336
2022-11-22 07:15:00,4200695.75
2022-11-24 16:00:00,20567808.005208332
2022-11-27 00:45:00,8437363.703125
2022-11-29 09:30:00,2858120.5729166665
2022-12-01 18:15:00,5063820.4375
2022-12-04 03:00:00,2712705.2447916665
2022-12-06 11:45:00,1754254.25
2022-12-08 20:30:00,1007628.9427083334
2022-12-11 05:15:00,12290526.364583334
2022-12-13 14:00:00,1781842.0260416667
2022-12-15 22:45:00,1606463.171875
2022-12-18 07:30:00,1607469.96875
2022-12-20 16:15:00,2108799.8229166665
2022-12-23 01:00:00,2159902.7864583335
2022-12-25 09:45:00,5397386.859375
2022-12-27 18:30:00,2464571.3541666665
2022-12-30 03:15:00,2761372.0416666665
2023-01-01 12:00:00,996782.125
2023-01-03 20:45:00,2367712.7395833335
2023-01-06 05:30:00,2287881.234375
2023-01-08 14:15:00,987960.6510416666
2023-01-10 23:00:00,14689305.395833334
2023-01-13 07:45:00,4394741.265625
2023-01-15 16:30:00,711516.8802083334
2023-01-18 01:15:00,2693233.234375
2023-01-20 10:00:00,3176982.1875
2023-01-22 18:45:00,1577239.1510416667
2023-01-25 03:30:00,2697094.546875
2023-01-27 12:15:00,1132984.2083333333
2023-01-29 21:00:00,1001638.9322916666
2023-02-01 05:45:00,7012943.755208333
2023-02-03 14:30:00,3878250.1510416665
2023-02-05 23:15:00,3334818.9791666665
2023-02-08 08:00:00,47305701.239583336
2023-02-10 16:45:00,58226118.395833336
2023-02-13 01:30:00,62523282.786458336
2023-02-15 10:15:00,63481969.380208336
2023-02-17 19:00:00,58051078.947916664
2023-02-20 03:45:00,21694366.119791668
2023-02-22 12:30:00,19939715.401041668
2023-02-24 21:15:00,6045378.09375
2023-02-27 06:00:00,3047421.3697916665
2023-03-01 14:45:00,19593034.71875
2023-03-03 23:30:00,54628615.432291664
2023-03-06 08:15:00,32850891.057291668
2023-03-08 17:00:00,54087103.46875
2023-03-11 01:45:00,62399460.3125
2023-03-13 10:30:00,70549670.4375
2023-03-15 19:15:00,63372103.953125
2023-03-18 04:00:00,64827425.208333336
2023-03-20 12:45:00,65750340.885416664
2023-03-22 21:30:00,67498328.05729167
2023-03-25 06:15:00,68122486.18229167
2023-03-27 15:00:00,64130047.3125
2023-03-29 23:45:00,66813611.348958336
2023-04-01 08:30:00,69909415.203125
2023-04-03 17:15:00,65685915.864583336
2023-04-06 02:00:00,68345260.05729167
2023-04-08 10:45:00,63897542.989583336
2023-04-10 19:30:00,69492717.625
2023-04-13 04:15:00,69424133.03645833
2023-04-15 13:00:00,66623610.421875
2023-04-17 21:45:00,58502961.057291664
2023-04-20 06:30:00,15044730.5
2023-04-22 15:15:00,8944391.354166666
2023-04-25 00:00:00,8168072.588541667
2023-04-27 08:45:00,24652017.286458332
2023-04-29 17:30:00,34504191.489583336
2023-05-02 02:15:00,23069320.791666668
2023-05-04 11:00:00,33960127.552083336
2023-05-06 19:45:00,23995790.635416668
2023-05-09 04:30:00,19473085.666666668
2023-05-11 13:15:00,91059639.74479167
2023-05-13 22:00:00,124266278.89583333
2023-05-16 06:45:00,124156206.765625
2023-05-18 15:30:00,147297725.20833334
2023-05-21 00:15:00,156742059.52604166
2023-05-23 09:00:00,161632427.80208334
2023-05-25 17:45:00,174324003.41145834
2023-05-28 02:30:00,164238667.22395834
2023-05-30 11:15:00,168376457.359375
2023-06-01 20:00:00,132490173.671875
2023-06-04 04:45:00,134867052.9375
2023-06-06 13:30:00,129152865.5
2023-06-08 22:15:00,136946396.59895834
2023-06-11 07:00:00,109621275.22395833
2023-06-13 15:45:00,146620652.25520834
2023-06-16 00:30:00,154452842.08333334
2023-06-18 09:15:00,169006923.00520834
2023-06-20 18:00:00,115472584.69791667
2023-06-23 02:45:00,140655845.6875
2023-06-25 11:30:00,134383271.48958334
2023-06-27 20:15:00,134460127.19791666
2023-06-30 05:00:00,142233270.46875
2023-07-02 13:45:00,128163438.703125
2023-07-04 22:30:00,73250508.109375
2023-07-07 07:30:00,76965869.30208333
2023-07-09 16:15:00,67055666.744791664
2023-07-12 01:00:00,79503012.49479167
2023-07-14 10:00:00,97199252.671875
2023-07-16 19:30:00,102064157.83333333
2023-07-19 04:15:00,108305662.05729167
2023-07-21 13:00:00,122622065.28125
2023-07-23 21:45:00,67733737.53125
2023-07-26 06:30:00,72965974.06770833
2023-07-28 15:15:00,78308823.54166667
2023-07-31 00:00:00,82732531.65625
2023-08-02 08:45:00,86739394.66145833
2023-08-04 17:30:00,83455771.69791667
2023-08-07 02:15:00,74014548.63020833
2023-08-09 11:00:00,88276156.54166667
2023-08-11 19:45:00,85234764.43229167
2023-08-14 04:30:00,90527432.11458333
2023-08-16 13:15:00,100866695.58854167
2023-08-18 22:30:00,102238813.03125
2023-08-21 07:15:00,57931440.489583336
2023-08-23 16:00:00,82611776.70833333
2023-08-26 00:45:00,99824997.703125
2023-08-28 09:30:00,86010494.25
2023-08-30 18:45:00,20466631.536458332
2023-09-02 03:30:00,75637801.98958333
2023-09-04 12:15:00,83899508.49479167
2023-09-06 21:00:00,109777282.43229167
2023-09-09 05:45:00,126985706.16145833
2023-09-11 14:30:00,136081811.53645834
2023-09-13 23:15:00,143487852.21354166
2023-09-16 08:00:00,144077785.68229166
2023-09-18 16:45:00,131616769.296875
2023-09-21 01:30:00,113769778.54166667
2023-09-23 10:15:00,134274740.51041666
2023-09-25 19:00:00,117749220.86458333
2023-09-28 03:45:00,102431096.47395833
2023-09-30 12:30:00,68191432.875
2023-10-02 21:15:00,24882468.697916668
2023-10-05 06:00:00,61137477.25
2023-10-07 14:45:00,68888672.46875
2023-10-09 23:30:00,67166030.640625
2023-10-12 08:15:00,79896436.55208333
2023-10-14 17:00:00,78305366.65104167
2023-10-17 01:45:00,81186559.10416667
2023-10-19 10:30:00,81673981.234375
2023-10-21 19:15:00,91390711.51041667
2023-10-24 04:00:00,97251901.11979167
2023-10-26 12:45:00,113349361.59375
2023-10-28 21:30:00,120536980.52083333
2023-10-31 06:15:00,113470225.72916667
2023-11-02 15:00:00,116114224.21875
2023-11-04 23:45:00,167318003.22916666
2023-11-07 08:45:00,168320620.640625
2023-11-09 18:15:00,191345523.9375
2023-11-12 03:00:00,189060663.0625
2023-11-14 12:15:00,226054514.765625
2023-11-16 21:00:00,69179674.66145833
2023-11-19 05:45:00,162732054.77083334
2023-11-21 14:30:00,207329319.32291666
2023-11-23 23:15:00,224510777.22916666
2023-11-26 08:00:00,228972393.83854166
2023-11-28 17:00:00,262808512.88020834
2023-12-01 01:45:00,266137672.875
2023-12-03 10:30:00,235825489.47916666
2023-12-05 19:15:00,261402610.671875
2023-12-08 04:00:00,220053321.96875
2023-12-10 12:45:00,231508254.22395834
2023-12-12 21:30:00,249629752.63541666
2023-12-15 06:15:00,223165868.93229166
2023-12-17 15:00:00,102202161.38020833
2023-12-19 23:45:00,177281921.203125
2023-12-22 08:30:00,201239446.08854166
2023-12-24 17:15:00,195502032.69791666
2023-12-27 03:00:00,207392311.90625
2023-12-29 11:45:00,57089734.552083336
2023-12-31 21:15:00,82644336.94270833
2024-01-03 06:00:00,155376619.640625
2024-01-05 14:45:00,238358374.02604166
2024-01-07 23:30:00,301119242.015625
2024-01-10 08:15:00,327014702.21875
2024-01-12 17:00:00,322441230.7760417
2024-01-15 01:45:00,342741078.4375
2024-01-17 10:30:00,307013940.3489583
2024-01-19 19:15:00,329649415.578125
2024-01-22 04:00:00,371254714.078125
2024-01-24 12:45:00,379428863.6510417
2024-01-26 21:30:00,274131771.0729167
2024-01-29 06:15:00,303920098.1145833
2024-01-31 15:00:00,315555428.3333333
2024-02-02 23:45:00,311161517.5625
2024-02-05 08:30:00,287648394.3697917
2024-02-07 17:15:00,228284525.46354166
2024-02-10 02:00:00,208422252.1875
2024-02-12 10:45:00,181955200.859375
2024-02-14 19:30:00,194796194.015625
2024-02-17 04:15:00,190462220.70833334
2024-02-19 13:00:00,184400362.73958334
2024-02-21 21:45:00,168575548.68229166
2024-02-24 06:30:00,164414078.38541666
2024-02-26 15:15:00,128505311.80208333
2024-02-29 00:00:00,158081507
2024-03-02 08:45:00,173746565.07291666
2024-03-04 17:30:00,193023482.5625
2024-03-07 02:15:00,179178423.59375
2024-03-09 11:00:00,186460046.38541666
2024-03-11 19:45:00,132133796.53125
2024-03-14 04:30:00,116906601.06770833
2024-03-16 13:15:00,123546723.27604167
2024-03-18 22:00:00,121432715.34375
2024-03-21 06:45:00,128545899.22395833
2024-03-23 15:30:00,121931626.13541667
2024-03-26 00:15:00,99513350.48958333
2024-03-28 09:00:00,111326082.140625
2024-03-30 17:45:00,106931298.96875
2024-04-02 02:30:00,105168232.51041667
2024-04-04 11:15:00,102636110.21354167
2024-04-06 20:00:00,99090221.04166667
2024-04-09 04:45:00,103631505.20833333
2024-04-11 13:30:00,125436525.83333333
2024-04-13 22:30:00,133238044.765625
2024-04-16 07:15:00,146516941.1875
2024-04-18 16:00:00,141626862.91145834
2024-04-21 02:45:00,154816422.94791666
2024-04-23 15:00:00,128256317.23958333
2024-04-25 23:45:00,112168263.359375
2024-04-28 08:30:00,127574651.41666667
2024-04-30 17:15:00,123644510.1875
2024-05-03 02:00:00,143472930.09895834
2024-05-05 10:45:00,167985206.52083334
2024-05-07 19:30:00,167229125.140625
2024-05-10 04:15:00,165470224.55729166
2024-05-12 13:00:00,156520138.13541666
2024-05-14 21:45:00,159204069.890625
2024-05-17 06:45:00,197631273.31770834
2024-05-19 15:30:00,170448517.515625
2024-05-22 00:15:00,172646302.61458334
2024-05-24 09:00:00,131391965.703125
2024-05-26 17:45:00,148052687.84895834
2024-05-29 02:30:00,159232245.953125
2024-05-31 18:30:00,134938248.19791666
2024-06-03 03:15:00,48765545.958333336
2024-06-05 12:00:00,94480613.40104167
2024-06-07 21:15:00,142382010.67708334
2024-06-10 06:00:00,129222040.65104167
2024-06-12 14:45:00,145620044.734375
2024-06-15 01:30:00,57597001.614583336
2024-06-17 10:15:00,111025810.453125
2024-06-19 19:00:00,138181264.203125
2024-06-22 04:00:00,145598525.296875
2024-06-24 12:45:00,144501247.78125
2024-06-26 21:45:00,149716711.9375
2024-06-29 06:30:00,155103263.80729166
2024-07-01 15:30:00,117581199.70833333
2024-07-04 00:15:00,106674943.83854167
2024-07-06 09:00:00,109472062.67708333
2024-07-08 17:45:00,123123049.05729167
2024-07-11 02:30:00,50503922.364583336
2024-07-13 11:15:00,77005091.55208333
2024-07-15 20:00:00,33706041.541666664
2024-07-18 04:45:00,52568281.494791664
2024-07-20 13:30:00,48456676.760416664
2024-07-22 22:15:00,49299032.96875
2024-07-25 07:00:00,54432275.333333336
2024-07-27 15:45:00,63324100.354166664
2024-07-30 00:30:00,54633582.984375
2024-08-01 09:15:00,59730292.229166664
2024-08-03 18:00:00,61172555.21875
2024-08-06 02:45:00,68098580.96875
2024-08-08 11:30:00,68285703.63020833
2024-08-10 20:15:00,31714168.520833332
2024-08-13 05:00:00,63935298.614583336
2024-08-15 13:45:00,80047121.22916667
2024-08-17 22:30:00,84787924.30208333
2024-08-20 07:15:00,105151766.16666667
2024-08-22 16:00:00,106777487.421875
2024-08-25 00:45:00,91690860.65104167
2024-08-27 09:30:00,71716315.79166667
2024-08-29 18:15:00,61053152.177083336
2024-09-01 03:00:00,57685899.119791664
2024-09-03 11:45:00,63346846.848958336
2024-09-05 20:30:00,64246468.041666664
2024-09-08 05:15:00,65965202.036458336
2024-09-10 14:00:00,95383767.734375
2024-09-12 22:45:00,110140085.109375
2024-09-15 07:30:00,111955008.47916667
2024-09-17 16:15:00,104842672.828125
2024-09-20 01:00:00,102246716.859375
2024-09-22 09:45:00,90778597.19791667
2024-09-24 18:30:00,81304712.79166667
2024-09-27 03:15:00,88938880.17708333
2024-09-29 12:00:00,93888342.71875
2024-10-01 20:45:00,103186673.92708333
2024-10-04 05:30:00,90555796.08333333
2024-10-06 14:15:00,96998903.56770833
2024-10-08 23:00:00,93329855.046875
2024-10-11 07:45:00,101561651.21875
2024-10-13 16:30:00,105433268.30729167
2024-10-16 01:15:00,94349801.47916667
2024-10-18 10:00:00,96560808.296875
2024-10-20 18:45:00,78700503.06770833
2024-10-23 03:30:00,85056518.19791667
2024-10-25 12:15:00,72471358.31770833
2024-10-27 21:00:00,53869402.09375
2024-10-30 05:45:00,59174805.692708336
2024-11-01 15:15:00,87238727.11458333
2024-11-04 00:00:00,78030651.8125
2024-11-06 08:45:00,55788616.598958336
2024-11-08 17:30:00,67461236.61458333
2024-11-11 02:15:00,74543652.203125
2024-11-13 11:00:00,82047975.28125
2024-11-15 19:45:00,81010386.79166667
2024-11-18 04:30:00,63467266.182291664
2024-11-20 13:15:00,70942288.18229167
2024-11-22 22:00:00,61639949.838541664
2024-11-25 06:45:00,49028135.192708336
2024-11-27 15:30:00,44451630.854166664
2024-11-30 00:15:00,52864228.651041664
2024-12-02 09:00:00,56373540.942708336
2024-12-04 17:45:00,57233424.145833336
2024-12-07 02:30:00,66744110.947916664
2024-12-09 11:15:00,77414547.35416667
2024-12-11 20:00:00,62936478.854166664
2024-12-14 04:45:00,66590675.09375
2024-12-16 13:30:00,72504121.86458333
2024-12-18 22:15:00,77136080.80208333
2024-12-21 07:00:00,79582850.640625
2024-12-23 15:45:00,74217307.69791667
2024-12-26 00:30:00,66037157.354166664
2024-12-28 09:15:00,61515396.65625
2024-12-30 18:00:00,66710911.270833336
2025-01-02 02:45:00,58111795.005208336
2025-01-04 11:30:00,63215712.359375
2025-01-06 20:15:00,51594139.645833336
2025-01-09 05:00:00,58469794.453125
2025-01-11 13:45:00,49846072.270833336
2025-01-13 22:30:00,44408117.161458336
2025-01-16 07:15:00,40417404.598958336
2025-01-18 16:00:00,42183016.213541664
2025-01-21 00:45:00,60324790.598958336
2025-01-23 09:30:00,49567031.109375
2025-01-25 18:15:00,50188059.890625
2025-01-28 03:00:00,28377035.109375
2025-01-30 11:45:00,21762074.953125
2025-02-01 20:30:00,19537230.645833332
2025-02-04 05:15:00,17429219.885416668
2025-02-06 14:00:00,7518019.411458333
2025-02-08 22:45:00,4672434.25
2025-02-11 07:30:00,4519630.109375
2025-02-13 16:15:00,14307635.520833334
2025-02-16 01:00:00,4129409.6875
2025-02-18 09:45:00,17925671.734375
2025-02-20 18:30:00,31607704.322916668
2025-02-23 03:15:00,63233630.328125
2025-02-25 12:00:00,76469135.32291667
2025-02-27 20:45:00,69721296.71354167
2025-03-02 05:30:00,43158578.046875
2025-03-04 14:15:00,51549774.083333336
2025-03-06 23:00:00,30289971.177083332
2025-03-09 07:45:00,19178646.822916668
2025-03-11 16:30:00,11559584.984375
2025-03-14 01:15:00,13714384.817708334
2025-03-16 10:00:00,21957627.979166668
2025-03-18 18:45:00,14806610.182291666
2025-03-21 03:30:00,45689182.505208336
2025-03-23 12:15:00,19258188.03125
2025-03-25 21:00:00,29403727.322916668
2025-03-28 05:45:00,23592493.604166668
2025-03-30 14:30:00,13918856.15625
2025-04-01 23:15:00,1898643.6614583333
2025-04-04 08:00:00,2912358.8645833335
2025-04-06 16:45:00,2718218.921875
2025-04-09 01:30:00,2269771.09375
2025-04-11 10:15:00,2060513.2291666667
2025-04-13 19:00:00,1484184.3229166667
2025-04-16 03:45:00,4627503.359375
2025-04-18 12:30:00,5085503.395833333
2025-04-20 21:15:00,17783072.151041668
2025-04-23 06:00:00,12168119.953125
2025-04-25 14:45:00,16846053.104166668
2025-04-27 23:30:00,8959066.723958334
2025-04-30 08:15:00,15785045.130208334
2025-05-02 17:00:00,15894276.817708334
2025-05-05 01:45:00,2902683.5729166665
2025-05-07 10:30:00,6541926.984375
2025-05-09 19:15:00,13835136.640625
2025-05-12 04:00:00,2100360.3541666665
2025-05-14 12:45:00,10622813.026041666
2025-05-16 21:30:00,10841743.921875
2025-05-19 06:15:00,12237759.401041666
2025-05-21 15:00:00,8786213.135416666
2025-05-23 23:45:00,11843869.145833334
2025-05-26 08:30:00,1753125.8385416667
2025-05-28 17:15:00,5947394.109375
2025-05-31 02:00:00,3256022.8125
2025-06-02 10:45:00,2368936.1458333335
2025-06-04 19:30:00,3809084.03125
2025-06-07 04:15:00,3104665.5677083335
2025-06-09 13:00:00,1539015.25
2025-06-11 21:45:00,3211128.0729166665
2025-06-14 06:30:00,4401750.166666667
2025-06-16 15:15:00,921461.2395833334
2025-06-19 00:00:00,3838779.1666666665
2025-06-21 08:45:00,3019748.2604166665
2025-06-23 17:30:00,3896266.7760416665
2025-06-26 02:15:00,5647575.265625
2025-06-28 11:00:00,12281216.817708334
2025-06-30 19:45:00,1770166.4791666667
2025-07-03 04:30:00,1720119.1770833333
2025-07-05 13:15:00,948425.7604166666
2025-07-07 22:00:00,1708624.4375
2025-07-10 06:45:00,2683167.6510416665
2025-07-12 15:30:00,2892013.703125
2025-07-15 00:15:00,3321946.4583333335
2025-07-17 09:00:00,5048061.739583333
2025-07-19 17:45:00,1959422.8333333333
2025-07-22 02:30:00,1782293.015625
2025-07-24 11:15:00,1948995.703125
2025-07-26 20:00:00,1764816.1354166667
2025-07-29 04:45:00,3414646.8125
2025-07-31 13:30:00,1419260.4479166667
2025-08-02 22:15:00,4938008.489583333
2025-08-05 07:00:00,1314965.3645833333
2025-08-07 15:45:00,3649479.1302083335
2025-08-10 00:30:00,3562141.1875
2025-08-12 09:15:00,1657796.0989583333
2025-08-14 18:00:00,1398158.4270833333
2025-08-17 02:45:00,1230692.6614583333
2025-08-19 11:30:00,1197404.6979166667
2025-08-21 20:15:00,1195310.46875
2025-08-24 05:00:00,861849.359375
2025-08-26 13:45:00,790747.3072916666
2025-08-28 22:30:00,932456.9583333334
2025-08-31 07:15:00,754300.4479166666
2025-09-02 16:00:00,3386410.0989583335
2025-09-05 00:45:00,1653109.6927083333
2025-09-07 09:30:00,611722.40625
2025-09-09 18:15:00,971781.875
2025-09-12 03:00:00,989387.2864583334
2025-09-14 11:45:00,623674.109375
2025-09-16 20:30:00,909922.859375
2025-09-19 05:15:00,1166997.703125
2025-09-21 14:00:00,3072655.5833333335
2025-09-23 22:45:00,876091.1458333334
2025-09-26 07:30:00,1629266.3697916667
2025-09-28 16:15:00,571630.5208333334
2025-10-01 01:00:00,791681.4270833334
2025-10-03 09:45:00,1762538.8385416667
2025-10-05 18:30:00,1163309.65625
2025-10-08 03:15:00,1253825.7083333333
2025-10-10 12:00:00,1841008.6041666667
2025-10-12 20:45:00,838886.8958333334
2025-10-15 05:30:00,585653.5677083334
2025-10-17 14:15:00,1152904.875
2025-10-19 23:00:00,676702.2239583334
2025-10-22 07:45:00,948341.7708333334
2025-10-24 16:30:00,739573.3958333334
2025-10-27 01:15:00,602188.1822916666
2025-10-29 10:00:00,911261.5416666666
2025-10-31 18:45:00,1231712.2239583333
2025-11-03 03:30:00,604744.65625
2025-11-05 12:15:00,2057312.0
2025-11-07 21:00:00,1335272.0416666667
2025-11-10 05:45:00,785585.171875
2025-11-12 14:30:00,694158.796875
2025-11-14 23:15:00,1174464.2604166667
2025-11-17 08:00:00,1454579.28125
2025-11-19 16:45:00,974907.59375
2025-11-22 01:30:00,1035800.7135416666
2025-11-24 10:15:00,1005167.2916666666
2025-11-26 19:00:00,825016.3958333334
2025-11-29 03:45:00,948361.921875
2025-12-01 12:30:00,806706.984375
2025-12-03 21:15:00,1584466.1979166667
2025-12-06 06:00:00,2274866.375
2025-12-08 14:45:00,588856.8229166666
2025-12-10 23:30:00,782286.9947916666
2025-12-13 08:15:00,751127.75
2025-12-15 17:00:00,988057.2395833334
2025-12-18 01:45:00,1035461.3541666666
2025-12-20 10:30:00,1220742.421875
2025-12-22 19:15:00,807704.2135416666
2025-12-25 04:00:00,581509.6822916666
2025-12-27 12:45:00,574873.9479166666
2025-12-29 21:30:00,748337.6979166666
2026-01-01 06:15:00,766116.0885416666
2026-01-03 15:00:00,918947.015625
2026-01-05 23:45:00,963757.6875
2026-01-08 08:30:00,751682.5260416666
2026-01-10 17:15:00,575199.5885416666
2026-01-13 02:00:00,740394.3125
2026-01-15 10:45:00,1203668.9270833333
2026-01-17 19:30:00,1102695.2291666667
2026-01-20 04:15:00,531877.3541666666
2026-01-22 13:00:00,896776.4739583334
2026-01-24 21:45:00,1055064.046875
2026-01-27 06:30:00,719833.109375
2026-01-29 15:15:00,874731.8541666666
2026-02-01 00:00:00,1490405.859375
2026-02-03 08:45:00,1713514.984375
2026-02-05 17:30:00,1568581.2916666667
2026-02-08 02:15:00,513334.359375
2026-02-10 11:00:00,582569.9322916666
2026-02-12 19:45:00,512429.359375
2026-02-15 04:30:00,448186.8229166667
2026-02-17 13:15:00,445108.4739583333
2026-02-19 22:00:00,531779.2708333334
2026-02-22 06:45:00,611813.796875
2026-02-24 15:30:00,1050990.7135416667
2026-02-27 00:15:00,1308723.0052083333
